bare,4096,8.1367e-08
bare,4096,5.2214e-08
bare,4096,6.5491e-08
bare,4096,7.6401e-08
bare,4096,5.5121e-08
bare,4096,1.67503e-07
bare,4096,1.56243e-07
bare,4096,4.6514e-08
bare,4096,1.55513e-07
bare,4096,4.7107e-08
bare,4096,4.4911e-08
bare,4096,8.1519e-08
bare,4096,4.3316e-08
bare,4096,1.56536e-07
bare,4096,1.55553e-07
bare,4096,5.6057e-08
bare,4096,1.55332e-07
bare,4096,9.504e-08
bare,4096,1.1918e-07
bare,4096,1.60999e-07
bare,4096,4.4752e-08
bare,4096,6.3515e-08
bare,4096,5.5885e-08
bare,4096,3.7474e-08
bare,4096,4.9283e-08
bare,4096,5.349e-08
bare,4096,1.56421e-07
bare,4096,5.6238e-08
bare,4096,5.1036e-08
bare,4096,1.16943e-07
bare,4096,5.4045e-08
bare,4096,1.20102e-07
bare,4096,6.3021e-08
bare,4096,3.815e-08
bare,4096,6.2404e-08
bare,4096,7.8772e-08
bare,4096,5.8334e-08
bare,4096,5.9878e-08
bare,4096,1.67292e-07
bare,4096,7.382e-08
bare,4096,4.4972e-08
bare,4096,6.8047e-08
bare,4096,9.0316e-08
bare,4096,1.5632e-07
bare,4096,1.55707e-07
bare,4096,3.9244e-08
bare,4096,1.40278e-07
bare,4096,3.6439e-08
bare,4096,5.8323e-08
bare,4096,5.6838e-08
bare,4096,4.186e-08
bare,4096,5.4606e-08
bare,4096,1.54296e-07
bare,4096,4.5692e-08
bare,4096,1.63798e-07
bare,4096,4.4011e-08
bare,4096,5.0075e-08
bare,4096,7.3084e-08
bare,4096,4.6105e-08
bare,4096,1.57139e-07
bare,4096,4.9429e-08
bare,4096,4.3423e-08
bare,4096,3.8156e-08
bare,4096,1.02237e-07
bare,4096,1.11798e-07
bare,4096,8.5655e-08
bare,4096,5.6888e-08
bare,4096,1.38636e-07
bare,4096,4.2594e-08
bare,4096,6.5972e-08
bare,4096,5.9198e-08
bare,4096,7.0583e-08
bare,4096,1.6302e-07
bare,4096,7.1241e-08
bare,4096,4.5112e-08
bare,4096,1.34064e-07
bare,4096,4.3329e-08
bare,4096,1.63321e-07
bare,4096,8.9809e-08
bare,4096,8.0483e-08
bare,4096,1.3877e-07
bare,4096,4.337e-08
bare,4096,1.70132e-07
bare,4096,1.57741e-07
bare,4096,4.8759e-08
bare,4096,3.5482e-08
bare,4096,5.8449e-08
bare,4096,5.3758e-08
bare,4096,1.04255e-07
bare,4096,7.3764e-08
bare,4096,4.6557e-08
bare,4096,1.56751e-07
bare,4096,3.9462e-08
bare,4096,6.2688e-08
bare,4096,4.0908e-08
bare,4096,1.5552e-07
bare,4096,5.5169e-08
bare,4096,7.1101e-08
bare,4096,4.6452e-08
bare,4096,4.2795e-08
bare,4096,4.0555e-08
bare,4096,8.4358e-08
bare,4096,3.5417e-08
bare,4096,3.7993e-08
bare,4096,3.8729e-08
bare,4096,4.697e-08
bare,4096,4.0819e-08
bare,4096,5.1838e-08
bare,4096,3.6573e-08
bare,4096,4.4444e-08
bare,4096,3.7284e-08
bare,4096,7.355e-08
bare,4096,4.0323e-08
bare,4096,1.69579e-07
bare,4096,4.1238e-08
bare,4096,4.1447e-08
bare,4096,5.3985e-08
bare,4096,6.6025e-08
bare,4096,4.4555e-08
bare,4096,4.2994e-08
bare,4096,3.8772e-08
bare,4096,8.2331e-08
bare,4096,6.5512e-08
bare,4096,3.6924e-08
bare,4096,8.3137e-08
bare,4096,3.6612e-08
bare,4096,6.0186e-08
bare,4096,3.5967e-08
bare,4096,3.5853e-08
bare,4096,4.8936e-08
bare,4096,1.42876e-07
bare,4096,5.03e-08
bare,4096,4.7852e-08
bare,4096,4.6214e-08
bare,4096,1.14417e-07
bare,4096,7.0202e-08
bare,4096,7.1163e-08
bare,4096,4.1116e-08
bare,4096,5.1047e-08
bare,4096,5.2008e-08
bare,4096,5.1481e-08
bare,4096,4.4597e-08
bare,4096,3.7426e-08
bare,4096,8.3707e-08
bare,4096,4.1339e-08
bare,4096,4.1432e-08
bare,4096,4.6038e-08
bare,4096,4.3218e-08
bare,4096,4.9578e-08
bare,4096,4.9502e-08
bare,4096,6.3176e-08
bare,4096,3.8963e-08
bare,4096,3.9173e-08
bare,4096,2.02616e-07
bare,4096,3.8234e-08
bare,4096,5.8757e-08
bare,4096,1.47562e-07
bare,4096,4.9294e-08
bare,4096,6.142e-08
bare,4096,1.18908e-07
bare,4096,1.41943e-07
bare,4096,3.9596e-08
bare,4096,8.5957e-08
bare,4096,3.594e-08
bare,4096,5.0628e-08
bare,4096,5.231e-08
bare,4096,1.39672e-07
bare,4096,6.8224e-08
bare,4096,1.6732e-07
bare,4096,4.1529e-08
bare,4096,3.658e-08
bare,4096,3.7192e-08
bare,4096,1.44795e-07
bare,4096,1.72747e-07
bare,4096,4.4152e-08
bare,4096,5.062e-08
bare,4096,7.2229e-08
bare,4096,7.0693e-08
bare,4096,4.0555e-08
bare,4096,4.3671e-08
bare,4096,6.7995e-08
bare,4096,6.6579e-08
bare,4096,6.6929e-08
bare,4096,5.8738e-08
bare,4096,4.5431e-08
bare,4096,5.885e-08
bare,4096,5.7285e-08
bare,4096,4.7515e-08
bare,4096,4.0973e-08
bare,4096,7.5441e-08
bare,4096,1.39451e-07
bare,4096,3.7285e-08
bare,4096,3.9539e-08
bare,4096,4.9352e-08
bare,4096,4.5426e-08
bare,4096,3.6958e-08
bare,4096,6.0785e-08
bare,4096,4.033e-08
bare,4096,1.41076e-07
bare,4096,4.3007e-08
bare,16384,7.7938e-08
bare,16384,7.3754e-08
bare,16384,1.55535e-07
bare,16384,3.5493e-08
bare,16384,6.1707e-08
bare,16384,5.3963e-08
bare,16384,1.55434e-07
bare,16384,4.7999e-08
bare,16384,7.9946e-08
bare,16384,6.764e-08
bare,16384,5.9899e-08
bare,16384,8.9644e-08
bare,16384,1.59506e-07
bare,16384,4.4789e-08
bare,16384,6.6849e-08
bare,16384,6.6809e-08
bare,16384,4.7008e-08
bare,16384,5.2907e-08
bare,16384,7.8502e-08
bare,16384,3.9529e-08
bare,16384,4.9482e-08
bare,16384,4.6406e-08
bare,16384,1.66652e-07
bare,16384,6.7393e-08
bare,16384,5.9446e-08
bare,16384,1.5553e-07
bare,16384,5.2519e-08
bare,16384,7.3343e-08
bare,16384,5.7068e-08
bare,16384,1.28677e-07
bare,16384,6.8798e-08
bare,16384,7.5661e-08
bare,16384,4.8424e-08
bare,16384,3.8377e-08
bare,16384,5.4095e-08
bare,16384,5.4371e-08
bare,16384,4.4393e-08
bare,16384,7.1251e-08
bare,16384,1.28926e-07
bare,16384,3.3781e-08
bare,16384,1.10932e-07
bare,16384,5.8936e-08
bare,16384,5.3426e-08
bare,16384,4.6469e-08
bare,16384,1.05011e-07
bare,16384,4.3352e-08
bare,16384,1.05799e-07
bare,16384,7.0307e-08
bare,16384,1.63483e-07
bare,16384,5.2577e-08
bare,16384,1.40506e-07
bare,16384,5.3047e-08
bare,16384,7.4205e-08
bare,16384,5.7491e-08
bare,16384,4.1809e-08
bare,16384,5.0183e-08
bare,16384,5.5627e-08
bare,16384,9.9783e-08
bare,16384,5.3508e-08
bare,16384,3.942e-08
bare,16384,8.1475e-08
bare,16384,1.31446e-07
bare,16384,5.0169e-08
bare,16384,1.12534e-07
bare,16384,4.6689e-08
bare,16384,6.8276e-08
bare,16384,6.5404e-08
bare,16384,6.608e-08
bare,16384,3.6511e-08
bare,16384,1.36137e-07
bare,16384,1.56512e-07
bare,16384,4.8109e-08
bare,16384,1.31422e-07
bare,16384,4.8313e-08
bare,16384,7.7837e-08
bare,16384,4.3662e-08
bare,16384,1.38346e-07
bare,16384,8.4191e-08
bare,16384,4.9598e-08
bare,16384,6.1301e-08
bare,16384,1.48287e-07
bare,16384,1.55359e-07
bare,16384,4.8204e-08
bare,16384,8.2686e-08
bare,16384,5.4259e-08
bare,16384,6.2152e-08
bare,16384,7.1379e-08
bare,16384,1.55436e-07
bare,16384,4.4813e-08
bare,16384,1.57524e-07
bare,16384,6.6887e-08
bare,16384,6.3765e-08
bare,16384,5.1568e-08
bare,16384,1.01138e-07
bare,16384,4.5105e-08
bare,16384,1.55994e-07
bare,16384,6.3931e-08
bare,16384,7.6568e-08
bare,16384,4.7077e-08
bare,16384,8.1285e-08
bare,16384,7.3962e-08
bare,16384,1.57814e-07
bare,16384,7.1654e-08
bare,16384,3.9253e-08
bare,16384,4.1006e-08
bare,16384,1.54766e-07
bare,16384,5.434e-08
bare,16384,3.7281e-08
bare,16384,3.7431e-08
bare,16384,6.9806e-08
bare,16384,4.7225e-08
bare,16384,4.0287e-08
bare,16384,3.6154e-08
bare,16384,5.1404e-08
bare,16384,1.48718e-07
bare,16384,4.18e-08
bare,16384,4.5126e-08
bare,16384,5.88e-08
bare,16384,6.951e-08
bare,16384,1.68122e-07
bare,16384,4.2431e-08
bare,16384,1.41681e-07
bare,16384,4.6228e-08
bare,16384,5.7378e-08
bare,16384,4.6404e-08
bare,16384,6.607e-08
bare,16384,4.2059e-08
bare,16384,6.1576e-08
bare,16384,1.8738e-07
bare,16384,4.1964e-08
bare,16384,4.165e-08
bare,16384,3.6707e-08
bare,16384,4.3831e-08
bare,16384,1.09431e-07
bare,16384,4.6224e-08
bare,16384,4.3664e-08
bare,16384,4.0506e-08
bare,16384,1.62402e-07
bare,16384,1.73509e-07
bare,16384,1.956e-07
bare,16384,4.8557e-08
bare,16384,4.4678e-08
bare,16384,5.5084e-08
bare,16384,4.106e-08
bare,16384,4.2497e-08
bare,16384,3.9639e-08
bare,16384,3.777e-08
bare,16384,3.7397e-08
bare,16384,4.852e-08
bare,16384,5.2746e-08
bare,16384,6.0545e-08
bare,16384,4.5716e-08
bare,16384,1.47325e-07
bare,16384,5.2438e-08
bare,16384,3.7264e-08
bare,16384,4.2611e-08
bare,16384,6.6561e-08
bare,16384,8.3741e-08
bare,16384,4.2285e-08
bare,16384,4.991e-08
bare,16384,6.314e-08
bare,16384,4.8595e-08
bare,16384,1.03194e-07
bare,16384,5.6862e-08
bare,16384,6.5043e-08
bare,16384,7.049e-08
bare,16384,3.6858e-08
bare,16384,6.1644e-08
bare,16384,1.81071e-07
bare,16384,5.1172e-08
bare,16384,4.0777e-08
bare,16384,5.1256e-08
bare,16384,7.8792e-08
bare,16384,4.076e-08
bare,16384,7.3978e-08
bare,16384,5.6933e-08
bare,16384,1.55762e-07
bare,16384,4.0551e-08
bare,16384,1.62732e-07
bare,16384,6.5094e-08
bare,16384,6.152e-08
bare,16384,3.7175e-08
bare,16384,3.7188e-08
bare,16384,4.6133e-08
bare,16384,6.1064e-08
bare,16384,5.7315e-08
bare,16384,4.2005e-08
bare,16384,5.2431e-08
bare,16384,4.0975e-08
bare,16384,4.2674e-08
bare,16384,5.3415e-08
bare,16384,8.0006e-08
bare,16384,5.2781e-08
bare,16384,3.8392e-08
bare,16384,4.1049e-08
bare,16384,3.9482e-08
bare,16384,3.8855e-08
bare,16384,6.5689e-08
bare,16384,5.26e-08
bare,16384,9.4386e-08
bare,65536,4.8146e-08
bare,65536,6.0041e-08
bare,65536,6.9048e-08
bare,65536,2.39386e-07
bare,65536,1.38231e-07
bare,65536,5.5809e-08
bare,65536,8.9778e-08
bare,65536,4.6397e-08
bare,65536,6.9966e-08
bare,65536,8.0028e-08
bare,65536,4.4584e-08
bare,65536,1.28454e-07
bare,65536,5.0144e-08
bare,65536,7.6043e-08
bare,65536,8.8513e-08
bare,65536,5.2638e-08
bare,65536,1.60311e-07
bare,65536,3.5517e-08
bare,65536,7.2712e-08
bare,65536,4.4646e-08
bare,65536,7.0302e-08
bare,65536,5.3402e-08
bare,65536,3.6428e-08
bare,65536,6.6565e-08
bare,65536,5.4373e-08
bare,65536,4.8356e-08
bare,65536,1.57637e-07
bare,65536,1.61426e-07
bare,65536,3.6292e-08
bare,65536,7.8143e-08
bare,65536,5.4688e-08
bare,65536,5.6902e-08
bare,65536,8.7637e-08
bare,65536,3.6237e-08
bare,65536,1.21918e-07
bare,65536,4.0835e-08
bare,65536,9.096e-08
bare,65536,4.3698e-08
bare,65536,1.45914e-07
bare,65536,4.6385e-08
bare,65536,7.781e-08
bare,65536,4.6675e-08
bare,65536,4.0643e-08
bare,65536,4.8143e-08
bare,65536,1.38814e-07
bare,65536,5.4539e-08
bare,65536,8.352e-08
bare,65536,1.50687e-07
bare,65536,4.8501e-08
bare,65536,1.41031e-07
bare,65536,3.7006e-08
bare,65536,8.0987e-08
bare,65536,5.6482e-08
bare,65536,1.12103e-07
bare,65536,1.45043e-07
bare,65536,7.4132e-08
bare,65536,1.56278e-07
bare,65536,1.52927e-07
bare,65536,5.7603e-08
bare,65536,1.2501e-07
bare,65536,5.3828e-08
bare,65536,1.4524e-07
bare,65536,3.5845e-08
bare,65536,6.3995e-08
bare,65536,1.45393e-07
bare,65536,1.35069e-07
bare,65536,4.5345e-08
bare,65536,1.16658e-07
bare,65536,3.5847e-08
bare,65536,1.58357e-07
bare,65536,5.1596e-08
bare,65536,8.9799e-08
bare,65536,5.0635e-08
bare,65536,3.5867e-08
bare,65536,1.56019e-07
bare,65536,4.906e-08
bare,65536,1.54934e-07
bare,65536,8.1337e-08
bare,65536,6.9003e-08
bare,65536,4.5434e-08
bare,65536,1.05336e-07
bare,65536,3.5553e-08
bare,65536,5.4276e-08
bare,65536,3.7602e-08
bare,65536,7.1309e-08
bare,65536,1.59657e-07
bare,65536,6.8999e-08
bare,65536,5.2399e-08
bare,65536,8.1007e-08
bare,65536,7.2604e-08
bare,65536,5.9958e-08
bare,65536,1.64177e-07
bare,65536,4.6761e-08
bare,65536,6.5981e-08
bare,65536,1.55443e-07
bare,65536,6.2942e-08
bare,65536,1.53526e-07
bare,65536,4.2565e-08
bare,65536,1.45272e-07
bare,65536,4.6435e-08
bare,65536,5.2158e-08
bare,65536,7.7115e-08
bare,65536,5.8023e-08
bare,65536,4.4205e-08
bare,65536,6.3612e-08
bare,65536,4.687e-08
bare,65536,4.7187e-08
bare,65536,1.48415e-07
bare,65536,3.8675e-08
bare,65536,4.6337e-08
bare,65536,7.8679e-08
bare,65536,5.2528e-08
bare,65536,3.6979e-08
bare,65536,3.5877e-08
bare,65536,3.5729e-08
bare,65536,3.71e-08
bare,65536,7.9132e-08
bare,65536,4.8089e-08
bare,65536,3.7907e-08
bare,65536,4.0516e-08
bare,65536,3.6772e-08
bare,65536,6.2945e-08
bare,65536,6.6296e-08
bare,65536,5.5153e-08
bare,65536,8.3693e-08
bare,65536,3.8667e-08
bare,65536,4.8545e-08
bare,65536,4.2729e-08
bare,65536,3.5822e-08
bare,65536,9.6667e-08
bare,65536,5.6324e-08
bare,65536,4.1024e-08
bare,65536,5.6106e-08
bare,65536,4.288e-08
bare,65536,3.7557e-08
bare,65536,4.0829e-08
bare,65536,3.7278e-08
bare,65536,5.7851e-08
bare,65536,4.5948e-08
bare,65536,4.8741e-08
bare,65536,1.45189e-07
bare,65536,4.2748e-08
bare,65536,3.8494e-08
bare,65536,4.069e-08
bare,65536,6.2355e-08
bare,65536,5.3938e-08
bare,65536,1.26658e-07
bare,65536,1.44045e-07
bare,65536,5.6009e-08
bare,65536,1.45364e-07
bare,65536,4.387e-08
bare,65536,3.7257e-08
bare,65536,4.8614e-08
bare,65536,6.8909e-08
bare,65536,4.1004e-08
bare,65536,6.3353e-08
bare,65536,4.4787e-08
bare,65536,4.1339e-08
bare,65536,4.0578e-08
bare,65536,1.40054e-07
bare,65536,7.1851e-08
bare,65536,4.6247e-08
bare,65536,7.4766e-08
bare,65536,1.47251e-07
bare,65536,4.6935e-08
bare,65536,5.2877e-08
bare,65536,1.45075e-07
bare,65536,4.3278e-08
bare,65536,1.01947e-07
bare,65536,4.4943e-08
bare,65536,4.8804e-08
bare,65536,5.0688e-08
bare,65536,8.4506e-08
bare,65536,4.3425e-08
bare,65536,8.0088e-08
bare,65536,4.734e-08
bare,65536,9.0674e-08
bare,65536,1.69429e-07
bare,65536,4.8904e-08
bare,65536,6.4766e-08
bare,65536,5.5101e-08
bare,65536,1.46321e-07
bare,65536,5.0267e-08
bare,65536,5.5423e-08
bare,65536,5.1244e-08
bare,65536,3.8154e-08
bare,65536,4.2146e-08
bare,65536,8.9863e-08
bare,65536,8.5664e-08
bare,65536,7.4833e-08
bare,65536,4.1468e-08
bare,65536,1.07114e-07
bare,65536,4.2177e-08
bare,65536,3.5951e-08
bare,65536,6.761e-08
bare,65536,2.06664e-07
bare,65536,1.42908e-07
bare,65536,1.5888e-07
bare,65536,2.3089e-07
bare,65536,9.9974e-08
bare,262144,4.5894e-08
bare,262144,7.0502e-08
bare,262144,1.10476e-07
bare,262144,4.883e-08
bare,262144,5.8864e-08
bare,262144,1.46321e-07
bare,262144,9.0224e-08
bare,262144,3.9377e-08
bare,262144,3.593e-08
bare,262144,8.0204e-08
bare,262144,5.3614e-08
bare,262144,1.36269e-07
bare,262144,1.55036e-07
bare,262144,5.008e-08
bare,262144,1.56308e-07
bare,262144,5.2721e-08
bare,262144,7.7045e-08
bare,262144,7.3903e-08
bare,262144,6.4838e-08
bare,262144,1.50717e-07
bare,262144,6.8856e-08
bare,262144,4.6409e-08
bare,262144,5.0532e-08
bare,262144,6.8064e-08
bare,262144,5.0245e-08
bare,262144,4.982e-08
bare,262144,3.844e-08
bare,262144,1.61807e-07
bare,262144,6.1126e-08
bare,262144,3.8151e-08
bare,262144,5.3612e-08
bare,262144,3.9897e-08
bare,262144,1.57487e-07
bare,262144,4.8319e-08
bare,262144,5.8676e-08
bare,262144,1.40334e-07
bare,262144,4.3213e-08
bare,262144,6.1377e-08
bare,262144,1.00416e-07
bare,262144,4.78e-08
bare,262144,4.1869e-08
bare,262144,6.5065e-08
bare,262144,4.6053e-08
bare,262144,1.39475e-07
bare,262144,5.0437e-08
bare,262144,1.60451e-07
bare,262144,4.9199e-08
bare,262144,7.529e-08
bare,262144,1.55027e-07
bare,262144,7.9613e-08
bare,262144,5.2507e-08
bare,262144,1.18059e-07
bare,262144,5.0206e-08
bare,262144,1.55524e-07
bare,262144,6.1559e-08
bare,262144,1.57867e-07
bare,262144,4.3266e-08
bare,262144,1.48493e-07
bare,262144,4.4956e-08
bare,262144,1.56823e-07
bare,262144,3.5889e-08
bare,262144,5.0927e-08
bare,262144,5.9709e-08
bare,262144,8.9459e-08
bare,262144,6.1258e-08
bare,262144,5.0606e-08
bare,262144,1.47122e-07
bare,262144,6.649e-08
bare,262144,6.5479e-08
bare,262144,1.55506e-07
bare,262144,5.695e-08
bare,262144,9.0512e-08
bare,262144,4.0668e-08
bare,262144,1.58704e-07
bare,262144,5.7767e-08
bare,262144,5.9663e-08
bare,262144,8.9994e-08
bare,262144,4.819e-08
bare,262144,8.8489e-08
bare,262144,4.0542e-08
bare,262144,4.8581e-08
bare,262144,6.2755e-08
bare,262144,4.0625e-08
bare,262144,9.6733e-08
bare,262144,8.1545e-08
bare,262144,4.9677e-08
bare,262144,1.56897e-07
bare,262144,9.3195e-08
bare,262144,4.3461e-08
bare,262144,1.55346e-07
bare,262144,5.1385e-08
bare,262144,1.60259e-07
bare,262144,4.1858e-08
bare,262144,8.7813e-08
bare,262144,3.6421e-08
bare,262144,4.4872e-08
bare,262144,8.7434e-08
bare,262144,5.0626e-08
bare,262144,1.13804e-07
bare,262144,3.8045e-08
bare,262144,3.7834e-08
bare,262144,4.9091e-08
bare,262144,1.13787e-07
bare,262144,3.896e-08
bare,262144,3.7303e-08
bare,262144,6.3346e-08
bare,262144,3.623e-08
bare,262144,5.1325e-08
bare,262144,5.7212e-08
bare,262144,6.9808e-08
bare,262144,1.38344e-07
bare,262144,4.1907e-08
bare,262144,5.2854e-08
bare,262144,3.7175e-08
bare,262144,3.5429e-08
bare,262144,4.0031e-08
bare,262144,7.1273e-08
bare,262144,5.1613e-08
bare,262144,4.515e-08
bare,262144,4.9442e-08
bare,262144,1.75888e-07
bare,262144,3.5416e-08
bare,262144,7.7311e-08
bare,262144,5.8355e-08
bare,262144,1.05368e-07
bare,262144,5.2575e-08
bare,262144,7.2332e-08
bare,262144,4.3998e-08
bare,262144,8.352e-08
bare,262144,6.0379e-08
bare,262144,8.3699e-08
bare,262144,4.5837e-08
bare,262144,5.776e-08
bare,262144,4.5709e-08
bare,262144,4.6357e-08
bare,262144,1.635e-07
bare,262144,4.3447e-08
bare,262144,1.54957e-07
bare,262144,6.0399e-08
bare,262144,1.54003e-07
bare,262144,4.1968e-08
bare,262144,6.2214e-08
bare,262144,1.57442e-07
bare,262144,4.2617e-08
bare,262144,7.1693e-08
bare,262144,5.0288e-08
bare,262144,7.8581e-08
bare,262144,5.5258e-08
bare,262144,4.0892e-08
bare,262144,6.7892e-08
bare,262144,3.9104e-08
bare,262144,1.59224e-07
bare,262144,3.8462e-08
bare,262144,5.267e-08
bare,262144,7.4278e-08
bare,262144,4.3905e-08
bare,262144,5.9838e-08
bare,262144,6.7351e-08
bare,262144,4.4812e-08
bare,262144,3.8104e-08
bare,262144,1.63584e-07
bare,262144,4.2066e-08
bare,262144,4.0571e-08
bare,262144,6.9128e-08
bare,262144,6.3635e-08
bare,262144,7.0444e-08
bare,262144,5.9747e-08
bare,262144,3.5553e-08
bare,262144,1.6137e-07
bare,262144,5.6565e-08
bare,262144,4.095e-08
bare,262144,9.7372e-08
bare,262144,4.9166e-08
bare,262144,4.2152e-08
bare,262144,8.0326e-08
bare,262144,4.341e-08
bare,262144,5.3682e-08
bare,262144,1.50626e-07
bare,262144,3.8172e-08
bare,262144,9.1957e-08
bare,262144,4.0559e-08
bare,262144,1.01413e-07
bare,262144,5.8386e-08
bare,262144,8.7723e-08
bare,262144,4.7043e-08
bare,262144,4.5728e-08
bare,262144,1.58591e-07
bare,262144,4.8329e-08
bare,262144,8.2161e-08
bare,262144,1.61526e-07
bare,262144,4.1814e-08
bare,262144,3.5571e-08
bare,262144,6.5225e-08
bare,262144,3.6549e-08
bare,262144,7.4743e-08
bare,262144,3.99e-08
bare,262144,4.3263e-08
bare,262144,7.9046e-08
bare,262144,3.9282e-08
bare,262144,6.6316e-08
bare,1048576,6.5839e-08
bare,1048576,5.1731e-08
bare,1048576,1.41556e-07
bare,1048576,1.59617e-07
bare,1048576,8.6047e-08
bare,1048576,4.3269e-08
bare,1048576,1.5152e-07
bare,1048576,1.55685e-07
bare,1048576,5.6709e-08
bare,1048576,4.0527e-08
bare,1048576,7.0474e-08
bare,1048576,5.0326e-08
bare,1048576,1.57432e-07
bare,1048576,6.6372e-08
bare,1048576,4.3389e-08
bare,1048576,1.60829e-07
bare,1048576,5.8205e-08
bare,1048576,3.6311e-08
bare,1048576,5.5589e-08
bare,1048576,5.4404e-08
bare,1048576,1.71691e-07
bare,1048576,4.7616e-08
bare,1048576,7.8205e-08
bare,1048576,1.56836e-07
bare,1048576,1.55745e-07
bare,1048576,5.9354e-08
bare,1048576,5.0067e-08
bare,1048576,1.02517e-07
bare,1048576,1.38871e-07
bare,1048576,1.66347e-07
bare,1048576,4.5575e-08
bare,1048576,8.722e-08
bare,1048576,5.0256e-08
bare,1048576,7.0973e-08
bare,1048576,9.8164e-08
bare,1048576,4.3702e-08
bare,1048576,7.93e-08
bare,1048576,6.0636e-08
bare,1048576,4.2537e-08
bare,1048576,4.5967e-08
bare,1048576,1.60838e-07
bare,1048576,7.5167e-08
bare,1048576,9.0928e-08
bare,1048576,5.6967e-08
bare,1048576,6.1162e-08
bare,1048576,3.4125e-08
bare,1048576,1.11951e-07
bare,1048576,5.0359e-08
bare,1048576,4.9609e-08
bare,1048576,1.67834e-07
bare,1048576,4.2999e-08
bare,1048576,8.455e-08
bare,1048576,3.9667e-08
bare,1048576,1.63453e-07
bare,1048576,4.5775e-08
bare,1048576,1.65171e-07
bare,1048576,4.6103e-08
bare,1048576,5.9705e-08
bare,1048576,4.9508e-08
bare,1048576,5.5414e-08
bare,1048576,1.57996e-07
bare,1048576,5.1169e-08
bare,1048576,6.5303e-08
bare,1048576,6.3074e-08
bare,1048576,1.67173e-07
bare,1048576,5.0276e-08
bare,1048576,8.3949e-08
bare,1048576,4.476e-08
bare,1048576,5.5973e-08
bare,1048576,1.53724e-07
bare,1048576,3.9303e-08
bare,1048576,8.7827e-08
bare,1048576,1.55788e-07
bare,1048576,4.8859e-08
bare,1048576,6.5309e-08
bare,1048576,5.338e-08
bare,1048576,7.3309e-08
bare,1048576,6.077e-08
bare,1048576,4.6519e-08
bare,1048576,1.56404e-07
bare,1048576,4.8431e-08
bare,1048576,1.5453e-07
bare,1048576,5.7921e-08
bare,1048576,1.6512e-07
bare,1048576,1.3958e-07
bare,1048576,4.526e-08
bare,1048576,1.55465e-07
bare,1048576,1.38823e-07
bare,1048576,5.3713e-08
bare,1048576,1.56527e-07
bare,1048576,7.0067e-08
bare,1048576,6.2236e-08
bare,1048576,7.2149e-08
bare,1048576,4.5311e-08
bare,1048576,6.1381e-08
bare,1048576,1.08557e-07
bare,1048576,1.57761e-07
bare,1048576,5.6051e-08
bare,1048576,5.2513e-08
bare,1048576,7.1739e-08
bare,1048576,3.8198e-08
bare,1048576,3.631e-08
bare,1048576,6.2813e-08
bare,1048576,6.008e-08
bare,1048576,4.0406e-08
bare,1048576,6.681e-08
bare,1048576,8.1286e-08
bare,1048576,1.573e-07
bare,1048576,4.5884e-08
bare,1048576,6.3605e-08
bare,1048576,8.0061e-08
bare,1048576,3.5899e-08
bare,1048576,7.7963e-08
bare,1048576,6.1973e-08
bare,1048576,4.4934e-08
bare,1048576,1.13815e-07
bare,1048576,5.0282e-08
bare,1048576,5.3884e-08
bare,1048576,1.62878e-07
bare,1048576,5.6494e-08
bare,1048576,4.5997e-08
bare,1048576,7.1488e-08
bare,1048576,5.3232e-08
bare,1048576,1.48303e-07
bare,1048576,5.9516e-08
bare,1048576,1.38611e-07
bare,1048576,1.44068e-07
bare,1048576,3.7116e-08
bare,1048576,4.1688e-08
bare,1048576,4.8929e-08
bare,1048576,1.51368e-07
bare,1048576,3.8031e-08
bare,1048576,3.7403e-08
bare,1048576,5.7351e-08
bare,1048576,3.8509e-08
bare,1048576,3.8984e-08
bare,1048576,3.8985e-08
bare,1048576,3.5787e-08
bare,1048576,5.783e-08
bare,1048576,4.664e-08
bare,1048576,3.7708e-08
bare,1048576,3.639e-08
bare,1048576,7.9258e-08
bare,1048576,3.6839e-08
bare,1048576,3.5762e-08
bare,1048576,4.0896e-08
bare,1048576,3.8574e-08
bare,1048576,3.544e-08
bare,1048576,3.9303e-08
bare,1048576,3.5622e-08
bare,1048576,6.3694e-08
bare,1048576,4.8549e-08
bare,1048576,4.0402e-08
bare,1048576,7.046e-08
bare,1048576,1.52722e-07
bare,1048576,5.76e-08
bare,1048576,5.8921e-08
bare,1048576,6.535e-08
bare,1048576,5.1418e-08
bare,1048576,3.8064e-08
bare,1048576,4.6314e-08
bare,1048576,6.6235e-08
bare,1048576,6.0333e-08
bare,1048576,4.4894e-08
bare,1048576,6.0395e-08
bare,1048576,4.0446e-08
bare,1048576,4.8705e-08
bare,1048576,8.3613e-08
bare,1048576,1.56508e-07
bare,1048576,6.1545e-08
bare,1048576,1.15202e-07
bare,1048576,1.62233e-07
bare,1048576,5.3845e-08
bare,1048576,1.33018e-07
bare,1048576,4.9805e-08
bare,1048576,5.9253e-08
bare,1048576,7.4889e-08
bare,1048576,7.6007e-08
bare,1048576,4.2113e-08
bare,1048576,5.2862e-08
bare,1048576,1.39084e-07
bare,1048576,3.7244e-08
bare,1048576,1.55689e-07
bare,1048576,4.8869e-08
bare,1048576,1.5741e-07
bare,1048576,7.6245e-08
bare,1048576,3.8062e-08
bare,1048576,4.5739e-08
bare,1048576,5.983e-08
bare,1048576,1.20476e-07
bare,1048576,4.5549e-08
bare,1048576,5.3195e-08
bare,1048576,1.15106e-07
bare,1048576,6.0056e-08
bare,1048576,4.9423e-08
bare,1048576,1.40186e-07
bare,1048576,1.40383e-07
bare,1048576,1.47399e-07
bare,1048576,8.4336e-08
bare,1048576,4.7133e-08
runsc_ptrace,4096,2.94065e-07
runsc_ptrace,4096,3.67091e-07
runsc_ptrace,4096,3.09594e-07
runsc_ptrace,4096,3.20744e-07
runsc_ptrace,4096,3.41275e-07
runsc_ptrace,4096,3.53746e-07
runsc_ptrace,4096,2.57401e-07
runsc_ptrace,4096,3.35379e-07
runsc_ptrace,4096,1.58768e-07
runsc_ptrace,4096,2.24955e-07
runsc_ptrace,4096,3.62072e-07
runsc_ptrace,4096,3.67056e-07
runsc_ptrace,4096,3.55817e-07
runsc_ptrace,4096,2.65789e-07
runsc_ptrace,4096,3.06497e-07
runsc_ptrace,4096,2.41734e-07
runsc_ptrace,4096,2.8768e-07
runsc_ptrace,4096,2.81156e-07
runsc_ptrace,4096,1.83604e-07
runsc_ptrace,4096,1.15932e-07
runsc_ptrace,4096,3.55756e-07
runsc_ptrace,4096,3.08256e-07
runsc_ptrace,4096,3.18504e-07
runsc_ptrace,4096,2.98347e-07
runsc_ptrace,4096,3.38368e-07
runsc_ptrace,4096,3.56905e-07
runsc_ptrace,4096,3.56701e-07
runsc_ptrace,4096,2.67487e-07
runsc_ptrace,4096,2.2042e-07
runsc_ptrace,4096,3.36565e-07
runsc_ptrace,4096,3.07538e-07
runsc_ptrace,4096,3.24836e-07
runsc_ptrace,4096,2.62116e-07
runsc_ptrace,4096,8.4263e-08
runsc_ptrace,4096,2.74149e-07
runsc_ptrace,4096,2.80684e-07
runsc_ptrace,4096,3.49461e-07
runsc_ptrace,4096,2.58267e-07
runsc_ptrace,4096,2.85401e-07
runsc_ptrace,4096,2.98787e-07
runsc_ptrace,4096,3.51466e-07
runsc_ptrace,4096,1.98891e-07
runsc_ptrace,4096,2.9608e-07
runsc_ptrace,4096,1.26477e-07
runsc_ptrace,4096,2.61952e-07
runsc_ptrace,4096,3.4681e-07
runsc_ptrace,4096,3.27063e-07
runsc_ptrace,4096,2.40189e-07
runsc_ptrace,4096,1.82124e-07
runsc_ptrace,4096,1.81348e-07
runsc_ptrace,4096,2.33095e-07
runsc_ptrace,4096,1.58188e-07
runsc_ptrace,4096,1.19019e-07
runsc_ptrace,4096,3.64795e-07
runsc_ptrace,4096,2.86378e-07
runsc_ptrace,4096,2.5661e-07
runsc_ptrace,4096,1.87729e-07
runsc_ptrace,4096,3.63105e-07
runsc_ptrace,4096,3.1134e-07
runsc_ptrace,4096,3.41415e-07
runsc_ptrace,4096,3.13103e-07
runsc_ptrace,4096,3.59411e-07
runsc_ptrace,4096,3.44943e-07
runsc_ptrace,4096,3.12139e-07
runsc_ptrace,4096,3.75844e-07
runsc_ptrace,4096,3.53215e-07
runsc_ptrace,4096,1.72399e-07
runsc_ptrace,4096,3.3765e-07
runsc_ptrace,4096,1.81763e-07
runsc_ptrace,4096,3.43477e-07
runsc_ptrace,4096,1.85878e-07
runsc_ptrace,4096,2.70629e-07
runsc_ptrace,4096,3.73517e-07
runsc_ptrace,4096,3.42443e-07
runsc_ptrace,4096,3.5996e-07
runsc_ptrace,4096,3.51e-07
runsc_ptrace,4096,3.31388e-07
runsc_ptrace,4096,2.65579e-07
runsc_ptrace,4096,3.03501e-07
runsc_ptrace,4096,3.49976e-07
runsc_ptrace,4096,2.6129e-07
runsc_ptrace,4096,3.23982e-07
runsc_ptrace,4096,3.57074e-07
runsc_ptrace,4096,2.96701e-07
runsc_ptrace,4096,3.5603e-07
runsc_ptrace,4096,3.57176e-07
runsc_ptrace,4096,2.71257e-07
runsc_ptrace,4096,3.20979e-07
runsc_ptrace,4096,3.43014e-07
runsc_ptrace,4096,3.42067e-07
runsc_ptrace,4096,3.5151e-07
runsc_ptrace,4096,3.53089e-07
runsc_ptrace,4096,1.85882e-07
runsc_ptrace,4096,3.51944e-07
runsc_ptrace,4096,3.35655e-07
runsc_ptrace,4096,3.79118e-07
runsc_ptrace,4096,3.07507e-07
runsc_ptrace,4096,3.51045e-07
runsc_ptrace,4096,3.41116e-07
runsc_ptrace,4096,3.49365e-07
runsc_ptrace,16384,3.47104e-07
runsc_ptrace,16384,3.26107e-07
runsc_ptrace,16384,3.23313e-07
runsc_ptrace,16384,2.63446e-07
runsc_ptrace,16384,3.82697e-07
runsc_ptrace,16384,3.57485e-07
runsc_ptrace,16384,2.8964e-07
runsc_ptrace,16384,9.1688e-08
runsc_ptrace,16384,3.87559e-07
runsc_ptrace,16384,3.72866e-07
runsc_ptrace,16384,2.8026e-07
runsc_ptrace,16384,3.42402e-07
runsc_ptrace,16384,3.02412e-07
runsc_ptrace,16384,3.73726e-07
runsc_ptrace,16384,2.63981e-07
runsc_ptrace,16384,3.19333e-07
runsc_ptrace,16384,3.46469e-07
runsc_ptrace,16384,2.41084e-07
runsc_ptrace,16384,2.41801e-07
runsc_ptrace,16384,3.36186e-07
runsc_ptrace,16384,2.97433e-07
runsc_ptrace,16384,3.76067e-07
runsc_ptrace,16384,3.43678e-07
runsc_ptrace,16384,2.68821e-07
runsc_ptrace,16384,3.18635e-07
runsc_ptrace,16384,3.21025e-07
runsc_ptrace,16384,3.80727e-07
runsc_ptrace,16384,3.49086e-07
runsc_ptrace,16384,1.3715e-07
runsc_ptrace,16384,3.50701e-07
runsc_ptrace,16384,3.46094e-07
runsc_ptrace,16384,3.36546e-07
runsc_ptrace,16384,1.78342e-07
runsc_ptrace,16384,2.82102e-07
runsc_ptrace,16384,3.42999e-07
runsc_ptrace,16384,2.99325e-07
runsc_ptrace,16384,3.46873e-07
runsc_ptrace,16384,3.74046e-07
runsc_ptrace,16384,3.53157e-07
runsc_ptrace,16384,2.48986e-07
runsc_ptrace,16384,3.73317e-07
runsc_ptrace,16384,3.7692e-07
runsc_ptrace,16384,2.89894e-07
runsc_ptrace,16384,3.52521e-07
runsc_ptrace,16384,2.40467e-07
runsc_ptrace,16384,2.27951e-07
runsc_ptrace,16384,3.61119e-07
runsc_ptrace,16384,3.58611e-07
runsc_ptrace,16384,3.40956e-07
runsc_ptrace,16384,2.95599e-07
runsc_ptrace,16384,2.70053e-07
runsc_ptrace,16384,2.76447e-07
runsc_ptrace,16384,3.42906e-07
runsc_ptrace,16384,3.32916e-07
runsc_ptrace,16384,2.89686e-07
runsc_ptrace,16384,3.40384e-07
runsc_ptrace,16384,3.67685e-07
runsc_ptrace,16384,3.70778e-07
runsc_ptrace,16384,2.92471e-07
runsc_ptrace,16384,3.28774e-07
runsc_ptrace,16384,2.40225e-07
runsc_ptrace,16384,3.47064e-07
runsc_ptrace,16384,2.08384e-07
runsc_ptrace,16384,1.10511e-07
runsc_ptrace,16384,1.82981e-07
runsc_ptrace,16384,2.83033e-07
runsc_ptrace,16384,3.89815e-07
runsc_ptrace,16384,2.73515e-07
runsc_ptrace,16384,3.0047e-07
runsc_ptrace,16384,3.45259e-07
runsc_ptrace,16384,3.52687e-07
runsc_ptrace,16384,2.73808e-07
runsc_ptrace,16384,1.15014e-07
runsc_ptrace,16384,2.13203e-07
runsc_ptrace,16384,3.46199e-07
runsc_ptrace,16384,3.54618e-07
runsc_ptrace,16384,2.63588e-07
runsc_ptrace,16384,3.47323e-07
runsc_ptrace,16384,3.53528e-07
runsc_ptrace,16384,1.51433e-07
runsc_ptrace,16384,1.02743e-07
runsc_ptrace,16384,9.786e-08
runsc_ptrace,16384,3.78771e-07
runsc_ptrace,16384,3.3116e-07
runsc_ptrace,16384,2.36771e-07
runsc_ptrace,16384,3.46536e-07
runsc_ptrace,16384,3.39693e-07
runsc_ptrace,16384,3.71649e-07
runsc_ptrace,16384,3.50857e-07
runsc_ptrace,16384,2.71047e-07
runsc_ptrace,16384,3.41152e-07
runsc_ptrace,16384,1.98827e-07
runsc_ptrace,16384,3.83458e-07
runsc_ptrace,16384,2.45325e-07
runsc_ptrace,16384,1.50888e-07
runsc_ptrace,16384,3.28823e-07
runsc_ptrace,16384,2.58171e-07
runsc_ptrace,16384,8.855e-08
runsc_ptrace,16384,1.54408e-07
runsc_ptrace,16384,2.98301e-07
runsc_ptrace,65536,3.52682e-07
runsc_ptrace,65536,2.7088e-07
runsc_ptrace,65536,3.84606e-07
runsc_ptrace,65536,3.56485e-07
runsc_ptrace,65536,2.0784e-07
runsc_ptrace,65536,2.75429e-07
runsc_ptrace,65536,1.03403e-07
runsc_ptrace,65536,3.18883e-07
runsc_ptrace,65536,3.77682e-07
runsc_ptrace,65536,3.71182e-07
runsc_ptrace,65536,3.95359e-07
runsc_ptrace,65536,3.16268e-07
runsc_ptrace,65536,3.78554e-07
runsc_ptrace,65536,1.99776e-07
runsc_ptrace,65536,3.04716e-07
runsc_ptrace,65536,1.22189e-07
runsc_ptrace,65536,3.4886e-07
runsc_ptrace,65536,3.43369e-07
runsc_ptrace,65536,3.21373e-07
runsc_ptrace,65536,3.44822e-07
runsc_ptrace,65536,3.13523e-07
runsc_ptrace,65536,2.62178e-07
runsc_ptrace,65536,3.60859e-07
runsc_ptrace,65536,3.8959e-07
runsc_ptrace,65536,9.3282e-08
runsc_ptrace,65536,3.77006e-07
runsc_ptrace,65536,3.49697e-07
runsc_ptrace,65536,2.78642e-07
runsc_ptrace,65536,1.93073e-07
runsc_ptrace,65536,3.36142e-07
runsc_ptrace,65536,1.87064e-07
runsc_ptrace,65536,3.51807e-07
runsc_ptrace,65536,3.36607e-07
runsc_ptrace,65536,2.66709e-07
runsc_ptrace,65536,3.48141e-07
runsc_ptrace,65536,2.74185e-07
runsc_ptrace,65536,2.93591e-07
runsc_ptrace,65536,2.32259e-07
runsc_ptrace,65536,3.57066e-07
runsc_ptrace,65536,3.10212e-07
runsc_ptrace,65536,3.04923e-07
runsc_ptrace,65536,3.28222e-07
runsc_ptrace,65536,2.48164e-07
runsc_ptrace,65536,3.41683e-07
runsc_ptrace,65536,3.41656e-07
runsc_ptrace,65536,3.60133e-07
runsc_ptrace,65536,3.81194e-07
runsc_ptrace,65536,1.1603e-07
runsc_ptrace,65536,3.66499e-07
runsc_ptrace,65536,3.11416e-07
runsc_ptrace,65536,2.63315e-07
runsc_ptrace,65536,2.68748e-07
runsc_ptrace,65536,3.59286e-07
runsc_ptrace,65536,3.47986e-07
runsc_ptrace,65536,3.53316e-07
runsc_ptrace,65536,2.55254e-07
runsc_ptrace,65536,2.39046e-07
runsc_ptrace,65536,2.99265e-07
runsc_ptrace,65536,3.64929e-07
runsc_ptrace,65536,3.21341e-07
runsc_ptrace,65536,2.67729e-07
runsc_ptrace,65536,2.65967e-07
runsc_ptrace,65536,3.7327e-07
runsc_ptrace,65536,1.45148e-07
runsc_ptrace,65536,3.66946e-07
runsc_ptrace,65536,2.4763e-07
runsc_ptrace,65536,3.49357e-07
runsc_ptrace,65536,3.5601e-07
runsc_ptrace,65536,3.4408e-07
runsc_ptrace,65536,2.92569e-07
runsc_ptrace,65536,3.74113e-07
runsc_ptrace,65536,3.82475e-07
runsc_ptrace,65536,3.5894e-07
runsc_ptrace,65536,1.77249e-07
runsc_ptrace,65536,2.84146e-07
runsc_ptrace,65536,2.43714e-07
runsc_ptrace,65536,3.45622e-07
runsc_ptrace,65536,3.28796e-07
runsc_ptrace,65536,3.39211e-07
runsc_ptrace,65536,3.34506e-07
runsc_ptrace,65536,3.36401e-07
runsc_ptrace,65536,3.03705e-07
runsc_ptrace,65536,3.43779e-07
runsc_ptrace,65536,3.4237e-07
runsc_ptrace,65536,3.42288e-07
runsc_ptrace,65536,3.39647e-07
runsc_ptrace,65536,3.3799e-07
runsc_ptrace,65536,3.54401e-07
runsc_ptrace,65536,3.43314e-07
runsc_ptrace,65536,3.35698e-07
runsc_ptrace,65536,3.33193e-07
runsc_ptrace,65536,3.54517e-07
runsc_ptrace,65536,3.4942e-07
runsc_ptrace,65536,3.55798e-07
runsc_ptrace,65536,3.44579e-07
runsc_ptrace,65536,3.44763e-07
runsc_ptrace,65536,3.34424e-07
runsc_ptrace,65536,3.37586e-07
runsc_ptrace,65536,3.45359e-07
runsc_ptrace,65536,3.55069e-07
runsc_ptrace,262144,3.44965e-07
runsc_ptrace,262144,3.36589e-07
runsc_ptrace,262144,3.29117e-07
runsc_ptrace,262144,3.35534e-07
runsc_ptrace,262144,3.46452e-07
runsc_ptrace,262144,3.48634e-07
runsc_ptrace,262144,3.49609e-07
runsc_ptrace,262144,3.49598e-07
runsc_ptrace,262144,3.3835e-07
runsc_ptrace,262144,3.57144e-07
runsc_ptrace,262144,1.9723e-07
runsc_ptrace,262144,3.54192e-07
runsc_ptrace,262144,3.39193e-07
runsc_ptrace,262144,3.38217e-07
runsc_ptrace,262144,3.54715e-07
runsc_ptrace,262144,3.60141e-07
runsc_ptrace,262144,3.27408e-07
runsc_ptrace,262144,3.43621e-07
runsc_ptrace,262144,3.48647e-07
runsc_ptrace,262144,3.27594e-07
runsc_ptrace,262144,3.38289e-07
runsc_ptrace,262144,3.43844e-07
runsc_ptrace,262144,3.34995e-07
runsc_ptrace,262144,3.40856e-07
runsc_ptrace,262144,3.42135e-07
runsc_ptrace,262144,3.41201e-07
runsc_ptrace,262144,3.36477e-07
runsc_ptrace,262144,3.40126e-07
runsc_ptrace,262144,3.60949e-07
runsc_ptrace,262144,3.35971e-07
runsc_ptrace,262144,3.42031e-07
runsc_ptrace,262144,3.41548e-07
runsc_ptrace,262144,1.90724e-07
runsc_ptrace,262144,3.46043e-07
runsc_ptrace,262144,2.52862e-07
runsc_ptrace,262144,3.46273e-07
runsc_ptrace,262144,3.60419e-07
runsc_ptrace,262144,3.42005e-07
runsc_ptrace,262144,3.44612e-07
runsc_ptrace,262144,3.43993e-07
runsc_ptrace,262144,3.34494e-07
runsc_ptrace,262144,3.42193e-07
runsc_ptrace,262144,3.48474e-07
runsc_ptrace,262144,3.48447e-07
runsc_ptrace,262144,3.18522e-07
runsc_ptrace,262144,3.39387e-07
runsc_ptrace,262144,3.51821e-07
runsc_ptrace,262144,3.40552e-07
runsc_ptrace,262144,3.40601e-07
runsc_ptrace,262144,3.38938e-07
runsc_ptrace,262144,3.44961e-07
runsc_ptrace,262144,3.56147e-07
runsc_ptrace,262144,3.30091e-07
runsc_ptrace,262144,3.43938e-07
runsc_ptrace,262144,3.37433e-07
runsc_ptrace,262144,3.43201e-07
runsc_ptrace,262144,3.38566e-07
runsc_ptrace,262144,3.38568e-07
runsc_ptrace,262144,3.43192e-07
runsc_ptrace,262144,3.34546e-07
runsc_ptrace,262144,3.40334e-07
runsc_ptrace,262144,3.45599e-07
runsc_ptrace,262144,3.55705e-07
runsc_ptrace,262144,3.43893e-07
runsc_ptrace,262144,3.38075e-07
runsc_ptrace,262144,3.40705e-07
runsc_ptrace,262144,3.40975e-07
runsc_ptrace,262144,3.38878e-07
runsc_ptrace,262144,3.58871e-07
runsc_ptrace,262144,3.42842e-07
runsc_ptrace,262144,3.59433e-07
runsc_ptrace,262144,3.37759e-07
runsc_ptrace,262144,3.30313e-07
runsc_ptrace,262144,3.40745e-07
runsc_ptrace,262144,3.49453e-07
runsc_ptrace,262144,3.53713e-07
runsc_ptrace,262144,3.43391e-07
runsc_ptrace,262144,3.73077e-07
runsc_ptrace,262144,3.70983e-07
runsc_ptrace,262144,3.42904e-07
runsc_ptrace,262144,3.33907e-07
runsc_ptrace,262144,8.5369e-08
runsc_ptrace,262144,3.38552e-07
runsc_ptrace,262144,3.56075e-07
runsc_ptrace,262144,3.39928e-07
runsc_ptrace,262144,3.33229e-07
runsc_ptrace,262144,3.38822e-07
runsc_ptrace,262144,3.48713e-07
runsc_ptrace,262144,3.36645e-07
runsc_ptrace,262144,3.39463e-07
runsc_ptrace,262144,3.45019e-07
runsc_ptrace,262144,1.39885e-07
runsc_ptrace,262144,3.43819e-07
runsc_ptrace,262144,3.36676e-07
runsc_ptrace,262144,1.77802e-07
runsc_ptrace,262144,3.4334e-07
runsc_ptrace,262144,3.69932e-07
runsc_ptrace,262144,3.41506e-07
runsc_ptrace,262144,3.2803e-07
runsc_ptrace,262144,3.45515e-07
runsc_ptrace,1048576,3.79876e-07
runsc_ptrace,1048576,3.57993e-07
runsc_ptrace,1048576,8.7402e-08
runsc_ptrace,1048576,3.65273e-07
runsc_ptrace,1048576,3.53972e-07
runsc_ptrace,1048576,3.44353e-07
runsc_ptrace,1048576,3.22012e-07
runsc_ptrace,1048576,3.36179e-07
runsc_ptrace,1048576,3.44321e-07
runsc_ptrace,1048576,3.62845e-07
runsc_ptrace,1048576,3.56241e-07
runsc_ptrace,1048576,3.46568e-07
runsc_ptrace,1048576,3.40277e-07
runsc_ptrace,1048576,3.42887e-07
runsc_ptrace,1048576,3.39761e-07
runsc_ptrace,1048576,3.50886e-07
runsc_ptrace,1048576,3.39469e-07
runsc_ptrace,1048576,3.34454e-07
runsc_ptrace,1048576,1.46312e-07
runsc_ptrace,1048576,3.32459e-07
runsc_ptrace,1048576,3.4253e-07
runsc_ptrace,1048576,3.4507e-07
runsc_ptrace,1048576,3.49006e-07
runsc_ptrace,1048576,3.42258e-07
runsc_ptrace,1048576,2.05537e-07
runsc_ptrace,1048576,3.34452e-07
runsc_ptrace,1048576,3.44005e-07
runsc_ptrace,1048576,3.42113e-07
runsc_ptrace,1048576,3.39644e-07
runsc_ptrace,1048576,3.40124e-07
runsc_ptrace,1048576,3.351e-07
runsc_ptrace,1048576,3.30561e-07
runsc_ptrace,1048576,3.33982e-07
runsc_ptrace,1048576,3.36525e-07
runsc_ptrace,1048576,3.30963e-07
runsc_ptrace,1048576,3.37027e-07
runsc_ptrace,1048576,3.61602e-07
runsc_ptrace,1048576,3.42725e-07
runsc_ptrace,1048576,3.4284e-07
runsc_ptrace,1048576,3.52695e-07
runsc_ptrace,1048576,3.43464e-07
runsc_ptrace,1048576,3.62976e-07
runsc_ptrace,1048576,3.45112e-07
runsc_ptrace,1048576,8.1639e-08
runsc_ptrace,1048576,3.40709e-07
runsc_ptrace,1048576,3.29413e-07
runsc_ptrace,1048576,3.40679e-07
runsc_ptrace,1048576,3.31392e-07
runsc_ptrace,1048576,3.59877e-07
runsc_ptrace,1048576,3.26213e-07
runsc_ptrace,1048576,3.47918e-07
runsc_ptrace,1048576,3.43026e-07
runsc_ptrace,1048576,3.51852e-07
runsc_ptrace,1048576,3.50531e-07
runsc_ptrace,1048576,3.36553e-07
runsc_ptrace,1048576,2.80315e-07
runsc_ptrace,1048576,3.41549e-07
runsc_ptrace,1048576,3.37239e-07
runsc_ptrace,1048576,3.38548e-07
runsc_ptrace,1048576,3.41367e-07
runsc_ptrace,1048576,3.47265e-07
runsc_ptrace,1048576,3.21525e-07
runsc_ptrace,1048576,3.33835e-07
runsc_ptrace,1048576,3.45772e-07
runsc_ptrace,1048576,3.23444e-07
runsc_ptrace,1048576,3.40586e-07
runsc_ptrace,1048576,3.42902e-07
runsc_ptrace,1048576,3.39632e-07
runsc_ptrace,1048576,3.4136e-07
runsc_ptrace,1048576,3.46131e-07
runsc_ptrace,1048576,3.57371e-07
runsc_ptrace,1048576,3.52038e-07
runsc_ptrace,1048576,3.43918e-07
runsc_ptrace,1048576,3.47338e-07
runsc_ptrace,1048576,3.34906e-07
runsc_ptrace,1048576,3.56262e-07
runsc_ptrace,1048576,3.30693e-07
runsc_ptrace,1048576,3.29052e-07
runsc_ptrace,1048576,3.37858e-07
runsc_ptrace,1048576,3.37554e-07
runsc_ptrace,1048576,3.39542e-07
runsc_ptrace,1048576,3.3589e-07
runsc_ptrace,1048576,3.38782e-07
runsc_ptrace,1048576,3.4174e-07
runsc_ptrace,1048576,3.46785e-07
runsc_ptrace,1048576,3.39239e-07
runsc_ptrace,1048576,3.30077e-07
runsc_ptrace,1048576,3.43368e-07
runsc_ptrace,1048576,3.40166e-07
runsc_ptrace,1048576,3.40063e-07
runsc_ptrace,1048576,3.33704e-07
runsc_ptrace,1048576,3.3847e-07
runsc_ptrace,1048576,3.44007e-07
runsc_ptrace,1048576,3.46714e-07
runsc_ptrace,1048576,3.40024e-07
runsc_ptrace,1048576,3.67362e-07
runsc_ptrace,1048576,3.37045e-07
runsc_ptrace,1048576,3.41554e-07
runsc_ptrace,1048576,3.36591e-07
runsc_ptrace,1048576,3.5366e-07
runsc_kvm,4096,1.68152e-07
runsc_kvm,4096,1.67639e-07
runsc_kvm,4096,1.69368e-07
runsc_kvm,4096,1.78489e-07
runsc_kvm,4096,1.79319e-07
runsc_kvm,4096,1.6053e-07
runsc_kvm,4096,1.65471e-07
runsc_kvm,4096,1.70117e-07
runsc_kvm,4096,1.48157e-07
runsc_kvm,4096,1.65242e-07
runsc_kvm,4096,1.48886e-07
runsc_kvm,4096,1.55863e-07
runsc_kvm,4096,1.54984e-07
runsc_kvm,4096,1.68545e-07
runsc_kvm,4096,1.72281e-07
runsc_kvm,4096,1.57577e-07
runsc_kvm,4096,1.69628e-07
runsc_kvm,4096,1.77138e-07
runsc_kvm,4096,1.66692e-07
runsc_kvm,4096,1.69244e-07
runsc_kvm,4096,1.63438e-07
runsc_kvm,4096,1.69531e-07
runsc_kvm,4096,1.71716e-07
runsc_kvm,4096,1.47428e-07
runsc_kvm,4096,1.68966e-07
runsc_kvm,4096,1.68732e-07
runsc_kvm,4096,1.72333e-07
runsc_kvm,4096,1.76687e-07
runsc_kvm,4096,1.72282e-07
runsc_kvm,4096,1.57059e-07
runsc_kvm,4096,1.67713e-07
runsc_kvm,4096,1.69808e-07
runsc_kvm,4096,1.69358e-07
runsc_kvm,4096,1.66848e-07
runsc_kvm,4096,1.68906e-07
runsc_kvm,4096,1.71989e-07
runsc_kvm,4096,1.72381e-07
runsc_kvm,4096,1.68581e-07
runsc_kvm,4096,1.75114e-07
runsc_kvm,4096,2.0666e-07
runsc_kvm,4096,1.68116e-07
runsc_kvm,4096,1.48297e-07
runsc_kvm,4096,1.61913e-07
runsc_kvm,4096,1.67676e-07
runsc_kvm,4096,1.72417e-07
runsc_kvm,4096,1.73274e-07
runsc_kvm,4096,1.6782e-07
runsc_kvm,4096,1.62754e-07
runsc_kvm,4096,1.64895e-07
runsc_kvm,4096,1.66982e-07
runsc_kvm,4096,1.6662e-07
runsc_kvm,4096,1.6949e-07
runsc_kvm,4096,1.67155e-07
runsc_kvm,4096,1.69366e-07
runsc_kvm,4096,4.8338e-08
runsc_kvm,4096,1.60429e-07
runsc_kvm,4096,1.69413e-07
runsc_kvm,4096,1.58694e-07
runsc_kvm,4096,1.80732e-07
runsc_kvm,4096,1.69279e-07
runsc_kvm,4096,1.55761e-07
runsc_kvm,4096,1.7337e-07
runsc_kvm,4096,1.7652e-07
runsc_kvm,4096,1.61549e-07
runsc_kvm,4096,1.57139e-07
runsc_kvm,4096,1.66292e-07
runsc_kvm,4096,1.78713e-07
runsc_kvm,4096,1.74594e-07
runsc_kvm,4096,4.6265e-08
runsc_kvm,4096,1.67051e-07
runsc_kvm,4096,1.91958e-07
runsc_kvm,4096,1.76765e-07
runsc_kvm,4096,1.7551e-07
runsc_kvm,4096,1.6524e-07
runsc_kvm,4096,1.6694e-07
runsc_kvm,4096,1.5056e-07
runsc_kvm,4096,5.3216e-08
runsc_kvm,4096,1.52733e-07
runsc_kvm,4096,1.74555e-07
runsc_kvm,4096,1.59776e-07
runsc_kvm,4096,1.70759e-07
runsc_kvm,4096,1.76004e-07
runsc_kvm,4096,4.7995e-08
runsc_kvm,4096,1.75431e-07
runsc_kvm,4096,1.6973e-07
runsc_kvm,4096,1.50467e-07
runsc_kvm,4096,1.62413e-07
runsc_kvm,4096,1.57653e-07
runsc_kvm,4096,1.7058e-07
runsc_kvm,4096,1.72887e-07
runsc_kvm,4096,1.77633e-07
runsc_kvm,4096,1.67653e-07
runsc_kvm,4096,1.73777e-07
runsc_kvm,4096,1.47139e-07
runsc_kvm,4096,1.69442e-07
runsc_kvm,4096,9.1757e-08
runsc_kvm,4096,1.7023e-07
runsc_kvm,4096,1.43635e-07
runsc_kvm,4096,1.48926e-07
runsc_kvm,4096,1.40574e-07
runsc_kvm,16384,1.69692e-07
runsc_kvm,16384,1.70086e-07
runsc_kvm,16384,1.69104e-07
runsc_kvm,16384,1.45459e-07
runsc_kvm,16384,1.58479e-07
runsc_kvm,16384,1.74904e-07
runsc_kvm,16384,1.62361e-07
runsc_kvm,16384,1.66789e-07
runsc_kvm,16384,1.56434e-07
runsc_kvm,16384,1.56616e-07
runsc_kvm,16384,5.4446e-08
runsc_kvm,16384,1.59935e-07
runsc_kvm,16384,1.67847e-07
runsc_kvm,16384,1.68538e-07
runsc_kvm,16384,1.73422e-07
runsc_kvm,16384,1.66848e-07
runsc_kvm,16384,1.68976e-07
runsc_kvm,16384,1.69248e-07
runsc_kvm,16384,1.62854e-07
runsc_kvm,16384,1.70962e-07
runsc_kvm,16384,1.67845e-07
runsc_kvm,16384,1.6501e-07
runsc_kvm,16384,1.70276e-07
runsc_kvm,16384,1.62308e-07
runsc_kvm,16384,1.68686e-07
runsc_kvm,16384,1.73476e-07
runsc_kvm,16384,1.71726e-07
runsc_kvm,16384,1.68251e-07
runsc_kvm,16384,1.91912e-07
runsc_kvm,16384,1.4936e-07
runsc_kvm,16384,1.76655e-07
runsc_kvm,16384,1.64105e-07
runsc_kvm,16384,1.75568e-07
runsc_kvm,16384,1.58201e-07
runsc_kvm,16384,1.67193e-07
runsc_kvm,16384,1.66095e-07
runsc_kvm,16384,1.83507e-07
runsc_kvm,16384,1.66474e-07
runsc_kvm,16384,1.74309e-07
runsc_kvm,16384,1.72506e-07
runsc_kvm,16384,1.80944e-07
runsc_kvm,16384,1.67928e-07
runsc_kvm,16384,1.70434e-07
runsc_kvm,16384,1.67636e-07
runsc_kvm,16384,1.69931e-07
runsc_kvm,16384,1.70508e-07
runsc_kvm,16384,1.77571e-07
runsc_kvm,16384,1.67392e-07
runsc_kvm,16384,1.53019e-07
runsc_kvm,16384,1.5834e-07
runsc_kvm,16384,5.1661e-08
runsc_kvm,16384,1.67467e-07
runsc_kvm,16384,1.4257e-07
runsc_kvm,16384,1.37676e-07
runsc_kvm,16384,1.71539e-07
runsc_kvm,16384,1.69748e-07
runsc_kvm,16384,1.77333e-07
runsc_kvm,16384,1.68547e-07
runsc_kvm,16384,1.71698e-07
runsc_kvm,16384,1.13756e-07
runsc_kvm,16384,1.66747e-07
runsc_kvm,16384,1.60833e-07
runsc_kvm,16384,1.61956e-07
runsc_kvm,16384,1.48349e-07
runsc_kvm,16384,1.66637e-07
runsc_kvm,16384,1.72649e-07
runsc_kvm,16384,1.88742e-07
runsc_kvm,16384,9.0784e-08
runsc_kvm,16384,1.77127e-07
runsc_kvm,16384,1.76965e-07
runsc_kvm,16384,1.36871e-07
runsc_kvm,16384,1.75818e-07
runsc_kvm,16384,1.7445e-07
runsc_kvm,16384,1.61578e-07
runsc_kvm,16384,1.69117e-07
runsc_kvm,16384,1.6975e-07
runsc_kvm,16384,1.57778e-07
runsc_kvm,16384,1.57367e-07
runsc_kvm,16384,1.74205e-07
runsc_kvm,16384,1.46101e-07
runsc_kvm,16384,1.73576e-07
runsc_kvm,16384,1.70313e-07
runsc_kvm,16384,1.68078e-07
runsc_kvm,16384,1.71307e-07
runsc_kvm,16384,1.72669e-07
runsc_kvm,16384,1.81004e-07
runsc_kvm,16384,1.57053e-07
runsc_kvm,16384,1.5693e-07
runsc_kvm,16384,1.4995e-07
runsc_kvm,16384,1.79346e-07
runsc_kvm,16384,1.67637e-07
runsc_kvm,16384,1.76494e-07
runsc_kvm,16384,1.67144e-07
runsc_kvm,16384,1.91691e-07
runsc_kvm,16384,1.67308e-07
runsc_kvm,16384,1.76438e-07
runsc_kvm,16384,1.59647e-07
runsc_kvm,16384,1.76581e-07
runsc_kvm,16384,1.57105e-07
runsc_kvm,16384,1.67631e-07
runsc_kvm,65536,1.89418e-07
runsc_kvm,65536,1.59888e-07
runsc_kvm,65536,1.66327e-07
runsc_kvm,65536,1.73224e-07
runsc_kvm,65536,1.72887e-07
runsc_kvm,65536,5.3801e-08
runsc_kvm,65536,1.74159e-07
runsc_kvm,65536,1.69327e-07
runsc_kvm,65536,1.77481e-07
runsc_kvm,65536,1.7037e-07
runsc_kvm,65536,5.6593e-08
runsc_kvm,65536,1.78225e-07
runsc_kvm,65536,1.808e-07
runsc_kvm,65536,1.7544e-07
runsc_kvm,65536,1.4335e-07
runsc_kvm,65536,1.72884e-07
runsc_kvm,65536,1.82656e-07
runsc_kvm,65536,1.7783e-07
runsc_kvm,65536,1.69477e-07
runsc_kvm,65536,1.70553e-07
runsc_kvm,65536,1.76556e-07
runsc_kvm,65536,1.46511e-07
runsc_kvm,65536,1.71286e-07
runsc_kvm,65536,1.57315e-07
runsc_kvm,65536,1.61936e-07
runsc_kvm,65536,1.7254e-07
runsc_kvm,65536,1.69372e-07
runsc_kvm,65536,1.58613e-07
runsc_kvm,65536,1.55074e-07
runsc_kvm,65536,1.81027e-07
runsc_kvm,65536,1.77771e-07
runsc_kvm,65536,1.72778e-07
runsc_kvm,65536,1.71624e-07
runsc_kvm,65536,1.64698e-07
runsc_kvm,65536,1.69581e-07
runsc_kvm,65536,1.59392e-07
runsc_kvm,65536,1.80493e-07
runsc_kvm,65536,1.7088e-07
runsc_kvm,65536,1.7324e-07
runsc_kvm,65536,1.53646e-07
runsc_kvm,65536,1.68546e-07
runsc_kvm,65536,1.46022e-07
runsc_kvm,65536,1.71688e-07
runsc_kvm,65536,1.71423e-07
runsc_kvm,65536,1.72684e-07
runsc_kvm,65536,1.72884e-07
runsc_kvm,65536,1.70477e-07
runsc_kvm,65536,1.67534e-07
runsc_kvm,65536,1.63413e-07
runsc_kvm,65536,1.70001e-07
runsc_kvm,65536,1.50696e-07
runsc_kvm,65536,1.71997e-07
runsc_kvm,65536,1.77964e-07
runsc_kvm,65536,1.64083e-07
runsc_kvm,65536,6.6698e-08
runsc_kvm,65536,1.7614e-07
runsc_kvm,65536,1.74565e-07
runsc_kvm,65536,1.66586e-07
runsc_kvm,65536,1.22244e-07
runsc_kvm,65536,9.926e-08
runsc_kvm,65536,5.2292e-08
runsc_kvm,65536,4.9382e-08
runsc_kvm,65536,2.44067e-07
runsc_kvm,65536,9.0974e-08
runsc_kvm,65536,1.16916e-07
runsc_kvm,65536,5.3736e-08
runsc_kvm,65536,5.1755e-08
runsc_kvm,65536,5.157e-08
runsc_kvm,65536,1.22139e-07
runsc_kvm,65536,1.80882e-07
runsc_kvm,65536,1.8148e-07
runsc_kvm,65536,1.79876e-07
runsc_kvm,65536,5.7404e-08
runsc_kvm,65536,4.8225e-08
runsc_kvm,65536,1.84499e-07
runsc_kvm,65536,1.69443e-07
runsc_kvm,65536,1.53632e-07
runsc_kvm,65536,1.48212e-07
runsc_kvm,65536,1.78295e-07
runsc_kvm,65536,1.50023e-07
runsc_kvm,65536,1.52234e-07
runsc_kvm,65536,1.6194e-07
runsc_kvm,65536,4.7806e-08
runsc_kvm,65536,1.57533e-07
runsc_kvm,65536,1.95689e-07
runsc_kvm,65536,1.02572e-07
runsc_kvm,65536,2.1149e-07
runsc_kvm,65536,1.72195e-07
runsc_kvm,65536,5.0168e-08
runsc_kvm,65536,5.2285e-08
runsc_kvm,65536,7.6607e-08
runsc_kvm,65536,1.21028e-07
runsc_kvm,65536,4.8128e-08
runsc_kvm,65536,5.7976e-08
runsc_kvm,65536,5.7324e-08
runsc_kvm,65536,2.52191e-07
runsc_kvm,65536,5.676e-08
runsc_kvm,65536,4.828e-08
runsc_kvm,65536,1.8917e-07
runsc_kvm,65536,1.29636e-07
runsc_kvm,262144,1.47892e-07
runsc_kvm,262144,1.72768e-07
runsc_kvm,262144,7.0678e-08
runsc_kvm,262144,1.72688e-07
runsc_kvm,262144,1.59546e-07
runsc_kvm,262144,2.2316e-07
runsc_kvm,262144,1.03909e-07
runsc_kvm,262144,1.86557e-07
runsc_kvm,262144,1.52535e-07
runsc_kvm,262144,6.8946e-08
runsc_kvm,262144,4.7478e-08
runsc_kvm,262144,1.40158e-07
runsc_kvm,262144,7.4824e-08
runsc_kvm,262144,1.26896e-07
runsc_kvm,262144,7.3229e-08
runsc_kvm,262144,2.45638e-07
runsc_kvm,262144,6.5508e-08
runsc_kvm,262144,1.06439e-07
runsc_kvm,262144,5.5285e-08
runsc_kvm,262144,1.09387e-07
runsc_kvm,262144,1.74187e-07
runsc_kvm,262144,1.57667e-07
runsc_kvm,262144,1.386e-07
runsc_kvm,262144,1.62179e-07
runsc_kvm,262144,1.56363e-07
runsc_kvm,262144,4.9779e-08
runsc_kvm,262144,1.79136e-07
runsc_kvm,262144,1.39566e-07
runsc_kvm,262144,1.88944e-07
runsc_kvm,262144,1.75467e-07
runsc_kvm,262144,5.4686e-08
runsc_kvm,262144,8.3323e-08
runsc_kvm,262144,2.75656e-07
runsc_kvm,262144,1.21611e-07
runsc_kvm,262144,1.84267e-07
runsc_kvm,262144,2.39711e-07
runsc_kvm,262144,1.20496e-07
runsc_kvm,262144,1.06038e-07
runsc_kvm,262144,2.16997e-07
runsc_kvm,262144,1.11289e-07
runsc_kvm,262144,2.20005e-07
runsc_kvm,262144,1.79838e-07
runsc_kvm,262144,2.27528e-07
runsc_kvm,262144,1.47902e-07
runsc_kvm,262144,2.16224e-07
runsc_kvm,262144,1.18864e-07
runsc_kvm,262144,2.02088e-07
runsc_kvm,262144,8.3154e-08
runsc_kvm,262144,5.4619e-08
runsc_kvm,262144,3.42694e-07
runsc_kvm,262144,2.29386e-07
runsc_kvm,262144,1.12865e-07
runsc_kvm,262144,1.03251e-07
runsc_kvm,262144,1.64469e-07
runsc_kvm,262144,2.14902e-07
runsc_kvm,262144,7.8383e-08
runsc_kvm,262144,1.40447e-07
runsc_kvm,262144,2.1284e-07
runsc_kvm,262144,1.03622e-07
runsc_kvm,262144,1.67993e-07
runsc_kvm,262144,2.62184e-07
runsc_kvm,262144,8.5018e-08
runsc_kvm,262144,2.30103e-07
runsc_kvm,262144,1.57306e-07
runsc_kvm,262144,1.31542e-07
runsc_kvm,262144,1.11768e-07
runsc_kvm,262144,2.02584e-07
runsc_kvm,262144,1.03031e-07
runsc_kvm,262144,1.81707e-07
runsc_kvm,262144,1.72233e-07
runsc_kvm,262144,2.15591e-07
runsc_kvm,262144,1.29898e-07
runsc_kvm,262144,2.3907e-07
runsc_kvm,262144,1.83882e-07
runsc_kvm,262144,1.87035e-07
runsc_kvm,262144,1.99041e-07
runsc_kvm,262144,1.8783e-07
runsc_kvm,262144,2.03574e-07
runsc_kvm,262144,1.96124e-07
runsc_kvm,262144,1.95025e-07
runsc_kvm,262144,1.35076e-07
runsc_kvm,262144,1.97589e-07
runsc_kvm,262144,2.59153e-07
runsc_kvm,262144,2.40876e-07
runsc_kvm,262144,1.50507e-07
runsc_kvm,262144,1.69025e-07
runsc_kvm,262144,1.58631e-07
runsc_kvm,262144,5.2089e-08
runsc_kvm,262144,1.58592e-07
runsc_kvm,262144,1.93732e-07
runsc_kvm,262144,2.01694e-07
runsc_kvm,262144,1.25525e-07
runsc_kvm,262144,1.58075e-07
runsc_kvm,262144,2.26611e-07
runsc_kvm,262144,5.9483e-08
runsc_kvm,262144,1.90606e-07
runsc_kvm,262144,1.94609e-07
runsc_kvm,262144,1.65013e-07
runsc_kvm,262144,2.22005e-07
runsc_kvm,262144,1.95899e-07
runsc_kvm,1048576,4.07205e-07
runsc_kvm,1048576,1.49959e-07
runsc_kvm,1048576,2.04616e-07
runsc_kvm,1048576,4.8236e-08
runsc_kvm,1048576,1.82457e-07
runsc_kvm,1048576,2.23709e-07
runsc_kvm,1048576,1.92603e-07
runsc_kvm,1048576,1.90373e-07
runsc_kvm,1048576,1.2775e-07
runsc_kvm,1048576,1.851e-07
runsc_kvm,1048576,6.2152e-08
runsc_kvm,1048576,6.1308e-08
runsc_kvm,1048576,2.57222e-07
runsc_kvm,1048576,6.1569e-08
runsc_kvm,1048576,2.04401e-07
runsc_kvm,1048576,2.12855e-07
runsc_kvm,1048576,2.26321e-07
runsc_kvm,1048576,1.90098e-07
runsc_kvm,1048576,1.5949e-07
runsc_kvm,1048576,1.71822e-07
runsc_kvm,1048576,1.13318e-07
runsc_kvm,1048576,1.47779e-07
runsc_kvm,1048576,1.78364e-07
runsc_kvm,1048576,1.516e-07
runsc_kvm,1048576,1.93191e-07
runsc_kvm,1048576,1.92208e-07
runsc_kvm,1048576,4.01737e-07
runsc_kvm,1048576,2.44159e-07
runsc_kvm,1048576,2.01123e-07
runsc_kvm,1048576,2.24749e-07
runsc_kvm,1048576,1.50008e-07
runsc_kvm,1048576,2.37571e-07
runsc_kvm,1048576,2.50804e-07
runsc_kvm,1048576,7.3179e-08
runsc_kvm,1048576,2.06094e-07
runsc_kvm,1048576,8.0489e-08
runsc_kvm,1048576,2.26018e-07
runsc_kvm,1048576,2.12887e-07
runsc_kvm,1048576,9.7007e-08
runsc_kvm,1048576,2.58531e-07
runsc_kvm,1048576,1.47777e-07
runsc_kvm,1048576,1.86225e-07
runsc_kvm,1048576,3.16365e-07
runsc_kvm,1048576,3.02074e-07
runsc_kvm,1048576,1.98638e-07
runsc_kvm,1048576,6.4055e-08
runsc_kvm,1048576,1.57093e-07
runsc_kvm,1048576,7.4702e-08
runsc_kvm,1048576,8.1405e-08
runsc_kvm,1048576,9.3689e-08
runsc_kvm,1048576,7.8291e-08
runsc_kvm,1048576,5.7524e-08
runsc_kvm,1048576,1.10975e-07
runsc_kvm,1048576,2.08192e-07
runsc_kvm,1048576,1.85662e-07
runsc_kvm,1048576,1.17039e-07
runsc_kvm,1048576,9.1557e-08
runsc_kvm,1048576,7.4277e-08
runsc_kvm,1048576,1.56214e-07
runsc_kvm,1048576,1.75156e-07
runsc_kvm,1048576,4.8985e-08
runsc_kvm,1048576,1.01176e-07
runsc_kvm,1048576,1.98786e-07
runsc_kvm,1048576,2.84898e-07
runsc_kvm,1048576,2.26748e-07
runsc_kvm,1048576,2.64776e-07
runsc_kvm,1048576,7.2761e-08
runsc_kvm,1048576,1.74157e-07
runsc_kvm,1048576,2.36364e-07
runsc_kvm,1048576,1.90658e-07
runsc_kvm,1048576,1.00814e-07
runsc_kvm,1048576,1.84105e-07
runsc_kvm,1048576,2.3285e-07
runsc_kvm,1048576,3.2776e-07
runsc_kvm,1048576,2.5482e-07
runsc_kvm,1048576,1.98975e-07
runsc_kvm,1048576,2.30831e-07
runsc_kvm,1048576,1.94797e-07
runsc_kvm,1048576,1.69507e-07
runsc_kvm,1048576,2.04315e-07
runsc_kvm,1048576,9.7697e-08
runsc_kvm,1048576,2.19427e-07
runsc_kvm,1048576,1.58879e-07
runsc_kvm,1048576,1.91531e-07
runsc_kvm,1048576,1.77989e-07
runsc_kvm,1048576,1.1123e-07
runsc_kvm,1048576,1.72317e-07
runsc_kvm,1048576,1.71906e-07
runsc_kvm,1048576,9.5809e-08
runsc_kvm,1048576,1.76562e-07
runsc_kvm,1048576,1.44379e-07
runsc_kvm,1048576,1.49827e-07
runsc_kvm,1048576,1.88248e-07
runsc_kvm,1048576,1.95282e-07
runsc_kvm,1048576,2.01128e-07
runsc_kvm,1048576,1.61343e-07
runsc_kvm,1048576,1.9285e-07
runsc_kvm,1048576,1.68727e-07
runsc_kvm,1048576,1.93562e-07
runsc_kvm,1048576,2.20378e-07
kata,4096,3.8101e-08
kata,4096,4.1294e-08
kata,4096,4.1887e-08
kata,4096,3.5433e-08
kata,4096,3.6185e-08
kata,4096,3.8856e-08
kata,4096,4.4025e-08
kata,4096,6.4828e-08
kata,4096,3.9084e-08
kata,4096,4.0949e-08
kata,4096,3.7373e-08
kata,4096,4.1903e-08
kata,4096,4.1516e-08
kata,4096,4.0401e-08
kata,4096,3.8368e-08
kata,4096,3.7635e-08
kata,4096,3.7041e-08
kata,4096,4.0417e-08
kata,4096,4.3865e-08
kata,4096,4.2939e-08
kata,4096,3.8208e-08
kata,4096,4.1075e-08
kata,4096,4.4213e-08
kata,4096,4.0532e-08
kata,4096,4.0431e-08
kata,4096,4.1988e-08
kata,4096,3.7103e-08
kata,4096,4.2003e-08
kata,4096,3.806e-08
kata,4096,5.2662e-08
kata,4096,4.2061e-08
kata,4096,3.7046e-08
kata,4096,4.574e-08
kata,4096,3.8275e-08
kata,4096,3.9593e-08
kata,4096,4.131e-08
kata,4096,3.66e-08
kata,4096,6.454e-08
kata,4096,4.2851e-08
kata,4096,4.0449e-08
kata,4096,3.5733e-08
kata,4096,3.8299e-08
kata,4096,3.7271e-08
kata,4096,3.9965e-08
kata,4096,3.9108e-08
kata,4096,4.0911e-08
kata,4096,4.2828e-08
kata,4096,4.1326e-08
kata,4096,3.986e-08
kata,4096,4.1415e-08
kata,4096,4.1536e-08
kata,4096,4.0148e-08
kata,4096,3.8163e-08
kata,4096,4.1051e-08
kata,4096,3.8576e-08
kata,4096,4.3041e-08
kata,4096,3.7742e-08
kata,4096,5.6666e-08
kata,4096,3.716e-08
kata,4096,3.9705e-08
kata,4096,3.9336e-08
kata,4096,3.7658e-08
kata,4096,3.8297e-08
kata,4096,3.8269e-08
kata,4096,3.84e-08
kata,4096,3.6495e-08
kata,4096,3.8386e-08
kata,4096,4.2474e-08
kata,4096,3.8526e-08
kata,4096,3.9113e-08
kata,4096,3.836e-08
kata,4096,3.8607e-08
kata,4096,3.6692e-08
kata,4096,4.315e-08
kata,4096,4.1938e-08
kata,4096,3.941e-08
kata,4096,4.1493e-08
kata,4096,3.6293e-08
kata,4096,4.0414e-08
kata,4096,6.9078e-08
kata,4096,3.7975e-08
kata,4096,3.9565e-08
kata,4096,4.1935e-08
kata,4096,3.8796e-08
kata,4096,3.8095e-08
kata,4096,3.87e-08
kata,4096,3.9852e-08
kata,4096,4.0637e-08
kata,4096,3.6516e-08
kata,4096,3.8878e-08
kata,4096,4.2507e-08
kata,4096,4.5189e-08
kata,4096,4.2913e-08
kata,4096,4.0026e-08
kata,4096,4.2888e-08
kata,4096,4.3945e-08
kata,4096,4.385e-08
kata,4096,4.145e-08
kata,4096,4.0294e-08
kata,4096,3.7097e-08
kata,16384,4.1312e-08
kata,16384,4.3752e-08
kata,16384,3.991e-08
kata,16384,3.6594e-08
kata,16384,3.9436e-08
kata,16384,3.9447e-08
kata,16384,4.1696e-08
kata,16384,3.5854e-08
kata,16384,3.9554e-08
kata,16384,3.9822e-08
kata,16384,4.001e-08
kata,16384,4.2177e-08
kata,16384,4.4482e-08
kata,16384,4.4223e-08
kata,16384,3.6774e-08
kata,16384,4.0751e-08
kata,16384,3.9563e-08
kata,16384,3.6464e-08
kata,16384,3.7908e-08
kata,16384,4.3558e-08
kata,16384,3.575e-08
kata,16384,3.93e-08
kata,16384,3.7936e-08
kata,16384,3.749e-08
kata,16384,4.2997e-08
kata,16384,4.1167e-08
kata,16384,4.1384e-08
kata,16384,4.2013e-08
kata,16384,5.6841e-08
kata,16384,4.1453e-08
kata,16384,4.0733e-08
kata,16384,3.6883e-08
kata,16384,3.9937e-08
kata,16384,4.1295e-08
kata,16384,4.1436e-08
kata,16384,4.3503e-08
kata,16384,3.6627e-08
kata,16384,3.64e-08
kata,16384,3.6667e-08
kata,16384,3.941e-08
kata,16384,6.7573e-08
kata,16384,4.0472e-08
kata,16384,3.6919e-08
kata,16384,3.9229e-08
kata,16384,4.2008e-08
kata,16384,4.9903e-08
kata,16384,4.4653e-08
kata,16384,3.6463e-08
kata,16384,3.8699e-08
kata,16384,3.9707e-08
kata,16384,6.4127e-08
kata,16384,6.2435e-08
kata,16384,3.8891e-08
kata,16384,4.2841e-08
kata,16384,6.1973e-08
kata,16384,3.9589e-08
kata,16384,4.8251e-08
kata,16384,4.1389e-08
kata,16384,3.9103e-08
kata,16384,4.1103e-08
kata,16384,4.0654e-08
kata,16384,4.0449e-08
kata,16384,4.2149e-08
kata,16384,6.2765e-08
kata,16384,3.7609e-08
kata,16384,6.9838e-08
kata,16384,3.8168e-08
kata,16384,5.7529e-08
kata,16384,5.8236e-08
kata,16384,6.2507e-08
kata,16384,4.1113e-08
kata,16384,3.9424e-08
kata,16384,3.881e-08
kata,16384,3.9507e-08
kata,16384,4.0032e-08
kata,16384,3.9446e-08
kata,16384,4.5827e-08
kata,16384,6.0199e-08
kata,16384,4.288e-08
kata,16384,4.6774e-08
kata,16384,4.2622e-08
kata,16384,4.1975e-08
kata,16384,3.7664e-08
kata,16384,3.6527e-08
kata,16384,6.3634e-08
kata,16384,4.0556e-08
kata,16384,3.9796e-08
kata,16384,4.5512e-08
kata,16384,4.2917e-08
kata,16384,6.0245e-08
kata,16384,3.8445e-08
kata,16384,3.8074e-08
kata,16384,3.7841e-08
kata,16384,4.2669e-08
kata,16384,3.7726e-08
kata,16384,3.9925e-08
kata,16384,3.8893e-08
kata,16384,4.2808e-08
kata,16384,3.9463e-08
kata,16384,3.9669e-08
kata,65536,3.7237e-08
kata,65536,3.9588e-08
kata,65536,4.2799e-08
kata,65536,4.0287e-08
kata,65536,3.6947e-08
kata,65536,3.9347e-08
kata,65536,3.9741e-08
kata,65536,3.7727e-08
kata,65536,3.751e-08
kata,65536,3.6366e-08
kata,65536,3.7858e-08
kata,65536,3.9086e-08
kata,65536,3.8748e-08
kata,65536,4.3496e-08
kata,65536,4.0361e-08
kata,65536,3.699e-08
kata,65536,3.8814e-08
kata,65536,6.3069e-08
kata,65536,7.0638e-08
kata,65536,4.044e-08
kata,65536,4.0621e-08
kata,65536,4.0433e-08
kata,65536,4.3318e-08
kata,65536,3.9215e-08
kata,65536,3.7995e-08
kata,65536,3.8333e-08
kata,65536,4.0185e-08
kata,65536,4.045e-08
kata,65536,4.0542e-08
kata,65536,4.0463e-08
kata,65536,3.7755e-08
kata,65536,3.6772e-08
kata,65536,5.9018e-08
kata,65536,3.98e-08
kata,65536,3.9131e-08
kata,65536,3.9336e-08
kata,65536,4.0046e-08
kata,65536,4.0703e-08
kata,65536,4.0091e-08
kata,65536,5.3806e-08
kata,65536,4.2862e-08
kata,65536,3.9829e-08
kata,65536,3.6263e-08
kata,65536,4.1906e-08
kata,65536,4.2409e-08
kata,65536,3.7141e-08
kata,65536,4.0795e-08
kata,65536,4.3024e-08
kata,65536,4.1172e-08
kata,65536,3.7666e-08
kata,65536,4.0947e-08
kata,65536,3.9249e-08
kata,65536,4.3616e-08
kata,65536,4.2125e-08
kata,65536,3.738e-08
kata,65536,3.9198e-08
kata,65536,4.0605e-08
kata,65536,3.9023e-08
kata,65536,4.0185e-08
kata,65536,4.251e-08
kata,65536,3.5828e-08
kata,65536,3.9544e-08
kata,65536,6.4699e-08
kata,65536,3.8003e-08
kata,65536,3.67e-08
kata,65536,4.1702e-08
kata,65536,4.2437e-08
kata,65536,3.9462e-08
kata,65536,3.9778e-08
kata,65536,3.9566e-08
kata,65536,4.371e-08
kata,65536,3.7155e-08
kata,65536,4.3657e-08
kata,65536,3.8498e-08
kata,65536,3.8844e-08
kata,65536,4.2593e-08
kata,65536,3.7042e-08
kata,65536,3.6995e-08
kata,65536,4.1549e-08
kata,65536,4.3215e-08
kata,65536,4.1905e-08
kata,65536,3.9478e-08
kata,65536,3.8807e-08
kata,65536,3.8478e-08
kata,65536,3.8475e-08
kata,65536,4.1658e-08
kata,65536,3.9689e-08
kata,65536,3.746e-08
kata,65536,4.3957e-08
kata,65536,3.9536e-08
kata,65536,3.81e-08
kata,65536,3.7429e-08
kata,65536,3.8842e-08
kata,65536,4.0826e-08
kata,65536,4.8616e-08
kata,65536,4.1782e-08
kata,65536,3.7347e-08
kata,65536,4.0154e-08
kata,65536,4.3169e-08
kata,65536,3.787e-08
kata,262144,4.0209e-08
kata,262144,3.8306e-08
kata,262144,4.6269e-08
kata,262144,4.0455e-08
kata,262144,6.1626e-08
kata,262144,4.1507e-08
kata,262144,4.0642e-08
kata,262144,3.7864e-08
kata,262144,3.7707e-08
kata,262144,4.1588e-08
kata,262144,4.4636e-08
kata,262144,4.0858e-08
kata,262144,3.6317e-08
kata,262144,3.951e-08
kata,262144,4.1687e-08
kata,262144,3.5908e-08
kata,262144,3.5887e-08
kata,262144,3.7535e-08
kata,262144,3.6209e-08
kata,262144,5.5056e-08
kata,262144,4.831e-08
kata,262144,4.1638e-08
kata,262144,3.5863e-08
kata,262144,4.3276e-08
kata,262144,4.0569e-08
kata,262144,4.139e-08
kata,262144,3.8139e-08
kata,262144,4.2445e-08
kata,262144,3.7956e-08
kata,262144,3.8338e-08
kata,262144,4.2152e-08
kata,262144,3.8075e-08
kata,262144,3.65e-08
kata,262144,3.9198e-08
kata,262144,3.9727e-08
kata,262144,4.3221e-08
kata,262144,4.1749e-08
kata,262144,4.5812e-08
kata,262144,6.2519e-08
kata,262144,3.8843e-08
kata,262144,6.0287e-08
kata,262144,4.1571e-08
kata,262144,4.3265e-08
kata,262144,3.8674e-08
kata,262144,4.1139e-08
kata,262144,3.9149e-08
kata,262144,4.2418e-08
kata,262144,3.8587e-08
kata,262144,4.241e-08
kata,262144,3.8826e-08
kata,262144,3.8353e-08
kata,262144,4.0162e-08
kata,262144,4.7054e-08
kata,262144,4.1619e-08
kata,262144,4.2333e-08
kata,262144,3.6885e-08
kata,262144,3.8016e-08
kata,262144,4.0821e-08
kata,262144,3.828e-08
kata,262144,3.9375e-08
kata,262144,3.8505e-08
kata,262144,3.8911e-08
kata,262144,3.8666e-08
kata,262144,3.8926e-08
kata,262144,3.8387e-08
kata,262144,3.9022e-08
kata,262144,3.6848e-08
kata,262144,3.9937e-08
kata,262144,4.2985e-08
kata,262144,4.3004e-08
kata,262144,3.6141e-08
kata,262144,3.9017e-08
kata,262144,6.0511e-08
kata,262144,4.4473e-08
kata,262144,3.9192e-08
kata,262144,3.9388e-08
kata,262144,6.0034e-08
kata,262144,3.8558e-08
kata,262144,3.8965e-08
kata,262144,4.4255e-08
kata,262144,6.2893e-08
kata,262144,3.9581e-08
kata,262144,3.5971e-08
kata,262144,5.0103e-08
kata,262144,3.5857e-08
kata,262144,4.1002e-08
kata,262144,4.0019e-08
kata,262144,4.0442e-08
kata,262144,3.9338e-08
kata,262144,4.0454e-08
kata,262144,3.7497e-08
kata,262144,4.1036e-08
kata,262144,3.8522e-08
kata,262144,6.4929e-08
kata,262144,3.9834e-08
kata,262144,6.0256e-08
kata,262144,3.8592e-08
kata,262144,4.0103e-08
kata,262144,3.9463e-08
kata,262144,3.9099e-08
kata,1048576,4.389e-08
kata,1048576,3.9408e-08
kata,1048576,4.1017e-08
kata,1048576,3.9647e-08
kata,1048576,3.9135e-08
kata,1048576,3.9966e-08
kata,1048576,6.7183e-08
kata,1048576,3.8925e-08
kata,1048576,3.9271e-08
kata,1048576,3.8398e-08
kata,1048576,3.9083e-08
kata,1048576,3.7704e-08
kata,1048576,3.714e-08
kata,1048576,6.5777e-08
kata,1048576,3.8635e-08
kata,1048576,4.2231e-08
kata,1048576,3.565e-08
kata,1048576,4.0618e-08
kata,1048576,3.7059e-08
kata,1048576,4.2302e-08
kata,1048576,3.7699e-08
kata,1048576,4.3137e-08
kata,1048576,3.7849e-08
kata,1048576,4.0712e-08
kata,1048576,4.247e-08
kata,1048576,4.3152e-08
kata,1048576,3.8128e-08
kata,1048576,3.5547e-08
kata,1048576,4.1374e-08
kata,1048576,4.2668e-08
kata,1048576,3.7913e-08
kata,1048576,3.7958e-08
kata,1048576,4.2876e-08
kata,1048576,3.9835e-08
kata,1048576,4.0607e-08
kata,1048576,4.3977e-08
kata,1048576,3.9159e-08
kata,1048576,3.7357e-08
kata,1048576,3.626e-08
kata,1048576,4.176e-08
kata,1048576,4.0481e-08
kata,1048576,4.2801e-08
kata,1048576,5.3051e-08
kata,1048576,3.6937e-08
kata,1048576,3.7531e-08
kata,1048576,3.6993e-08
kata,1048576,3.944e-08
kata,1048576,4.2191e-08
kata,1048576,4.157e-08
kata,1048576,4.068e-08
kata,1048576,4.0859e-08
kata,1048576,3.8335e-08
kata,1048576,3.6565e-08
kata,1048576,4.3047e-08
kata,1048576,4.5147e-08
kata,1048576,3.7139e-08
kata,1048576,3.8665e-08
kata,1048576,4.0629e-08
kata,1048576,4.1152e-08
kata,1048576,3.8287e-08
kata,1048576,4.4126e-08
kata,1048576,3.9131e-08
kata,1048576,3.7995e-08
kata,1048576,3.6801e-08
kata,1048576,6.5264e-08
kata,1048576,3.854e-08
kata,1048576,6.7824e-08
kata,1048576,3.7772e-08
kata,1048576,3.9802e-08
kata,1048576,4.3144e-08
kata,1048576,3.857e-08
kata,1048576,4.015e-08
kata,1048576,4.0697e-08
kata,1048576,3.9964e-08
kata,1048576,3.7789e-08
kata,1048576,4.0463e-08
kata,1048576,4.1343e-08
kata,1048576,6.5431e-08
kata,1048576,3.9905e-08
kata,1048576,3.8225e-08
kata,1048576,3.915e-08
kata,1048576,4.1151e-08
kata,1048576,3.8945e-08
kata,1048576,4.1518e-08
kata,1048576,3.6875e-08
kata,1048576,3.7842e-08
kata,1048576,6.2253e-08
kata,1048576,4.5661e-08
kata,1048576,4.2376e-08
kata,1048576,5.5787e-08
kata,1048576,4.0551e-08
kata,1048576,3.8289e-08
kata,1048576,3.8994e-08
kata,1048576,4.1401e-08
kata,1048576,4.7733e-08
kata,1048576,3.8245e-08
kata,1048576,3.8661e-08
kata,1048576,4.1886e-08
kata,1048576,4.155e-08
kata,1048576,3.9374e-08