bare,4096,2.3435e-08
bare,4096,6.6049e-08
bare,4096,7.2214e-08
bare,4096,3.5393e-08
bare,4096,7.0081e-08
bare,4096,2.6954e-08
bare,4096,4.1052e-08
bare,4096,1.9927e-08
bare,4096,3.7005e-08
bare,4096,3.8392e-08
bare,4096,2.1194e-08
bare,4096,7.7661e-08
bare,4096,3.2782e-08
bare,4096,4.3528e-08
bare,4096,3.7005e-08
bare,4096,4.0588e-08
bare,4096,2.2492e-08
bare,4096,2.3031e-08
bare,4096,4.2358e-08
bare,4096,3.4429e-08
bare,4096,3.556e-08
bare,4096,5.3747e-08
bare,4096,3.1586e-08
bare,4096,1.9363e-08
bare,4096,2.1196e-08
bare,4096,4.2599e-08
bare,4096,2.0488e-08
bare,4096,4.7641e-08
bare,4096,2.781e-08
bare,4096,2.9119e-08
bare,4096,3.0146e-08
bare,4096,7.9106e-08
bare,4096,2.2544e-08
bare,4096,5.3894e-08
bare,4096,3.4893e-08
bare,4096,1.9872e-08
bare,4096,2.3386e-08
bare,4096,8.5898e-08
bare,4096,2.4852e-08
bare,4096,7.7752e-08
bare,4096,2.4476e-08
bare,4096,7.7694e-08
bare,4096,2.4146e-08
bare,4096,2.3977e-08
bare,4096,5.9686e-08
bare,4096,1.9677e-08
bare,4096,3.6748e-08
bare,4096,3.8702e-08
bare,4096,4.7396e-08
bare,4096,2.6436e-08
bare,4096,9.2644e-08
bare,4096,2.8152e-08
bare,4096,3.8371e-08
bare,4096,4.4038e-08
bare,4096,2.6152e-08
bare,4096,3.6744e-08
bare,4096,2.1936e-08
bare,4096,5.4977e-08
bare,4096,3.2281e-08
bare,4096,2.755e-08
bare,4096,2.4889e-08
bare,4096,2.7773e-08
bare,4096,8.7924e-08
bare,4096,2.1683e-08
bare,4096,2.6811e-08
bare,4096,2.3913e-08
bare,4096,1.9833e-08
bare,4096,3.2057e-08
bare,4096,7.5217e-08
bare,4096,2.7695e-08
bare,4096,6.7476e-08
bare,4096,2.1427e-08
bare,4096,3.2795e-08
bare,4096,3.4828e-08
bare,4096,8.5245e-08
bare,4096,4.3877e-08
bare,4096,3.0532e-08
bare,4096,9.0797e-08
bare,4096,3.8826e-08
bare,4096,2.6269e-08
bare,4096,8.7515e-08
bare,4096,2.483e-08
bare,4096,8.9583e-08
bare,4096,3.1275e-08
bare,4096,8.7463e-08
bare,4096,2.7049e-08
bare,4096,5.6964e-08
bare,4096,2.6864e-08
bare,4096,8.7632e-08
bare,4096,3.045e-08
bare,4096,2.9377e-08
bare,4096,3.5296e-08
bare,4096,8.7561e-08
bare,4096,2.6501e-08
bare,4096,2.8968e-08
bare,4096,9.4166e-08
bare,4096,1.8679e-08
bare,4096,3.1729e-08
bare,4096,2.2058e-08
bare,4096,8.8144e-08
bare,4096,7.7862e-08
bare,4096,8.7339e-08
bare,4096,2.6506e-08
bare,4096,8.1868e-08
bare,4096,8.7338e-08
bare,4096,8.4133e-08
bare,4096,1.9924e-08
bare,4096,9.1126e-08
bare,4096,9.1073e-08
bare,4096,9.3131e-08
bare,4096,9.4858e-08
bare,4096,8.1176e-08
bare,4096,7.7781e-08
bare,4096,8.3236e-08
bare,4096,8.3309e-08
bare,4096,7.8832e-08
bare,4096,8.8069e-08
bare,4096,7.9218e-08
bare,4096,8.8225e-08
bare,4096,8.7329e-08
bare,4096,8.5912e-08
bare,4096,9.1688e-08
bare,4096,8.0902e-08
bare,4096,8.8978e-08
bare,4096,1.964e-08
bare,4096,7.8633e-08
bare,4096,8.0308e-08
bare,4096,8.4762e-08
bare,4096,5.7259e-08
bare,4096,8.4475e-08
bare,4096,3.4941e-08
bare,4096,2.1946e-08
bare,4096,8.1334e-08
bare,4096,8.925e-08
bare,4096,2.5303e-08
bare,4096,6.8349e-08
bare,4096,8.7762e-08
bare,4096,7.8321e-08
bare,4096,7.7838e-08
bare,4096,8.5597e-08
bare,4096,6.2843e-08
bare,4096,7.8035e-08
bare,4096,2.663e-08
bare,4096,1.8719e-08
bare,4096,8.7571e-08
bare,4096,8.2289e-08
bare,4096,8.911e-08
bare,4096,7.7947e-08
bare,4096,7.8711e-08
bare,4096,8.7089e-08
bare,4096,8.4016e-08
bare,4096,8.5501e-08
bare,4096,8.7546e-08
bare,4096,8.1546e-08
bare,4096,8.9078e-08
bare,4096,8.2316e-08
bare,4096,8.2996e-08
bare,4096,6.9718e-08
bare,4096,8.4062e-08
bare,4096,8.6283e-08
bare,4096,8.4507e-08
bare,4096,8.7933e-08
bare,4096,8.7066e-08
bare,4096,8.6381e-08
bare,4096,8.8151e-08
bare,4096,2.986e-08
bare,4096,8.2148e-08
bare,4096,8.8963e-08
bare,4096,7.8082e-08
bare,4096,7.7657e-08
bare,4096,7.8025e-08
bare,4096,8.5209e-08
bare,4096,8.1311e-08
bare,4096,8.6561e-08
bare,4096,8.7235e-08
bare,4096,8.8895e-08
bare,4096,8.7854e-08
bare,4096,8.1535e-08
bare,4096,8.4155e-08
bare,4096,8.2664e-08
bare,4096,8.2283e-08
bare,4096,4.94e-08
bare,4096,8.0202e-08
bare,4096,8.4572e-08
bare,4096,8.6448e-08
bare,4096,8.0137e-08
bare,4096,8.8447e-08
bare,4096,8.7989e-08
bare,4096,4.6602e-08
bare,4096,8.0939e-08
bare,4096,8.7426e-08
bare,4096,9.1902e-08
bare,4096,9.3602e-08
bare,4096,2.0444e-08
bare,4096,1.9393e-08
bare,4096,7.8693e-08
bare,4096,7.9041e-08
bare,4096,8.5491e-08
bare,4096,3.9237e-08
bare,4096,1.8284e-08
bare,16384,2.1702e-08
bare,16384,9.4133e-08
bare,16384,4.0521e-08
bare,16384,2.4367e-08
bare,16384,4.1029e-08
bare,16384,4.2779e-08
bare,16384,7.9874e-08
bare,16384,8.7672e-08
bare,16384,8.8615e-08
bare,16384,2.0421e-08
bare,16384,2.7342e-08
bare,16384,3.3005e-08
bare,16384,1.9761e-08
bare,16384,2.8024e-08
bare,16384,4.2188e-08
bare,16384,2.7992e-08
bare,16384,2.7944e-08
bare,16384,3.4677e-08
bare,16384,8.8549e-08
bare,16384,8.9672e-08
bare,16384,3.0636e-08
bare,16384,2.4771e-08
bare,16384,3.1546e-08
bare,16384,6.1087e-08
bare,16384,2.4999e-08
bare,16384,4.5329e-08
bare,16384,2.5711e-08
bare,16384,1.9337e-08
bare,16384,1.999e-08
bare,16384,2.7835e-08
bare,16384,5.4475e-08
bare,16384,2.8861e-08
bare,16384,5.4702e-08
bare,16384,2.728e-08
bare,16384,3.8807e-08
bare,16384,7.818e-08
bare,16384,2.4063e-08
bare,16384,5.0113e-08
bare,16384,2.3972e-08
bare,16384,4.2477e-08
bare,16384,3.383e-08
bare,16384,1.03022e-07
bare,16384,8.8641e-08
bare,16384,3.777e-08
bare,16384,8.8035e-08
bare,16384,2.6992e-08
bare,16384,6.7905e-08
bare,16384,8.8071e-08
bare,16384,2.495e-08
bare,16384,2.2383e-08
bare,16384,4.3191e-08
bare,16384,9.2228e-08
bare,16384,2.7837e-08
bare,16384,3.6797e-08
bare,16384,2.4085e-08
bare,16384,3.3511e-08
bare,16384,3.0238e-08
bare,16384,3.6951e-08
bare,16384,8.7997e-08
bare,16384,2.2526e-08
bare,16384,6.7908e-08
bare,16384,3.8112e-08
bare,16384,2.8249e-08
bare,16384,7.0291e-08
bare,16384,2.4836e-08
bare,16384,8.7694e-08
bare,16384,2.6982e-08
bare,16384,3.8204e-08
bare,16384,2.8208e-08
bare,16384,4.0482e-08
bare,16384,4.0717e-08
bare,16384,2.3675e-08
bare,16384,5.7889e-08
bare,16384,2.5849e-08
bare,16384,4.2329e-08
bare,16384,3.2978e-08
bare,16384,3.6662e-08
bare,16384,2.9843e-08
bare,16384,6.5956e-08
bare,16384,6.0259e-08
bare,16384,8.2042e-08
bare,16384,2.1777e-08
bare,16384,5.638e-08
bare,16384,4.292e-08
bare,16384,2.9257e-08
bare,16384,2.5757e-08
bare,16384,8.9396e-08
bare,16384,2.5906e-08
bare,16384,5.373e-08
bare,16384,4.8233e-08
bare,16384,1.9332e-08
bare,16384,3.5834e-08
bare,16384,3.1685e-08
bare,16384,3.6677e-08
bare,16384,8.8161e-08
bare,16384,3.2751e-08
bare,16384,3.0416e-08
bare,16384,2.9212e-08
bare,16384,3.0307e-08
bare,16384,2.3331e-08
bare,16384,8.1291e-08
bare,16384,8.7683e-08
bare,16384,2.0543e-08
bare,16384,8.979e-08
bare,16384,8.4829e-08
bare,16384,8.0554e-08
bare,16384,7.7998e-08
bare,16384,7.9764e-08
bare,16384,9.0649e-08
bare,16384,8.577e-08
bare,16384,8.4838e-08
bare,16384,3.6687e-08
bare,16384,7.7553e-08
bare,16384,8.7322e-08
bare,16384,5.3209e-08
bare,16384,9.145e-08
bare,16384,7.9549e-08
bare,16384,8.0633e-08
bare,16384,8.3465e-08
bare,16384,7.7876e-08
bare,16384,8.6027e-08
bare,16384,8.8421e-08
bare,16384,8.4468e-08
bare,16384,9.2222e-08
bare,16384,8.5153e-08
bare,16384,8.2984e-08
bare,16384,7.9715e-08
bare,16384,8.3022e-08
bare,16384,1.8749e-08
bare,16384,7.9065e-08
bare,16384,7.9323e-08
bare,16384,8.0613e-08
bare,16384,8.1509e-08
bare,16384,8.3092e-08
bare,16384,8.2621e-08
bare,16384,7.8382e-08
bare,16384,8.7424e-08
bare,16384,8.8246e-08
bare,16384,7.8719e-08
bare,16384,1.19699e-07
bare,16384,7.9417e-08
bare,16384,8.1253e-08
bare,16384,7.7871e-08
bare,16384,7.8013e-08
bare,16384,4.403e-08
bare,16384,7.1842e-08
bare,16384,5.0965e-08
bare,16384,7.8019e-08
bare,16384,8.4959e-08
bare,16384,3.8535e-08
bare,16384,4.8626e-08
bare,16384,9.1097e-08
bare,16384,8.9787e-08
bare,16384,5.3208e-08
bare,16384,9.4533e-08
bare,16384,2.6342e-08
bare,16384,5.7495e-08
bare,16384,6.0153e-08
bare,16384,3.1081e-08
bare,16384,2.4565e-08
bare,16384,2.016e-08
bare,16384,9.3545e-08
bare,16384,3.2074e-08
bare,16384,1.05441e-07
bare,16384,9.0322e-08
bare,16384,4.5457e-08
bare,16384,1.00794e-07
bare,16384,9.4478e-08
bare,16384,3.6796e-08
bare,16384,1.08081e-07
bare,16384,1.06231e-07
bare,16384,9.4203e-08
bare,16384,1.9881e-08
bare,16384,1.13668e-07
bare,16384,9.588e-08
bare,16384,2.1933e-08
bare,16384,2.0021e-08
bare,16384,1.08606e-07
bare,16384,9.1976e-08
bare,16384,3.3598e-08
bare,16384,9.9543e-08
bare,16384,2.0891e-08
bare,16384,2.1127e-08
bare,16384,9.4524e-08
bare,16384,3.716e-08
bare,16384,1.9319e-08
bare,16384,7.2508e-08
bare,16384,3.1757e-08
bare,16384,2.2239e-08
bare,16384,6.1529e-08
bare,16384,2.06513e-07
bare,16384,2.2415e-08
bare,16384,2.5382e-08
bare,16384,2.5892e-08
bare,16384,2.0559e-08
bare,16384,1.04881e-07
bare,16384,2.3555e-08
bare,16384,2.8187e-08
bare,16384,9.3583e-08
bare,16384,9.1624e-08
bare,65536,8.9089e-08
bare,65536,2.1214e-08
bare,65536,4.082e-08
bare,65536,8.7591e-08
bare,65536,2.3423e-08
bare,65536,3.165e-08
bare,65536,3.2028e-08
bare,65536,2.005e-08
bare,65536,3.1587e-08
bare,65536,7.7948e-08
bare,65536,4.0067e-08
bare,65536,3.2887e-08
bare,65536,5.1994e-08
bare,65536,8.7383e-08
bare,65536,2.5177e-08
bare,65536,3.1576e-08
bare,65536,3.221e-08
bare,65536,3.3368e-08
bare,65536,7.5745e-08
bare,65536,2.258e-08
bare,65536,3.1627e-08
bare,65536,3.3395e-08
bare,65536,8.8704e-08
bare,65536,8.9725e-08
bare,65536,2.8337e-08
bare,65536,8.7604e-08
bare,65536,8.8354e-08
bare,65536,2.7927e-08
bare,65536,3.4017e-08
bare,65536,7.1776e-08
bare,65536,3.1032e-08
bare,65536,3.8827e-08
bare,65536,8.8311e-08
bare,65536,2.6814e-08
bare,65536,2.404e-08
bare,65536,7.3446e-08
bare,65536,2.0595e-08
bare,65536,3.0454e-08
bare,65536,2.9045e-08
bare,65536,3.1791e-08
bare,65536,2.5792e-08
bare,65536,5.0425e-08
bare,65536,2.6945e-08
bare,65536,2.6011e-08
bare,65536,3.2028e-08
bare,65536,8.749e-08
bare,65536,2.5972e-08
bare,65536,9.2928e-08
bare,65536,3.5922e-08
bare,65536,8.743e-08
bare,65536,2.9129e-08
bare,65536,3.4915e-08
bare,65536,2.1053e-08
bare,65536,3.6591e-08
bare,65536,3.1542e-08
bare,65536,4.6894e-08
bare,65536,8.7388e-08
bare,65536,2.3942e-08
bare,65536,4.1195e-08
bare,65536,2.401e-08
bare,65536,5.5327e-08
bare,65536,1.9857e-08
bare,65536,8.7862e-08
bare,65536,3.0445e-08
bare,65536,2.5562e-08
bare,65536,3.9686e-08
bare,65536,2.5981e-08
bare,65536,8.7654e-08
bare,65536,3.09e-08
bare,65536,3.6546e-08
bare,65536,2.1234e-08
bare,65536,7.2718e-08
bare,65536,2.3667e-08
bare,65536,8.5214e-08
bare,65536,4.4295e-08
bare,65536,3.0183e-08
bare,65536,3.6668e-08
bare,65536,3.4932e-08
bare,65536,2.791e-08
bare,65536,8.9189e-08
bare,65536,2.3109e-08
bare,65536,8.8465e-08
bare,65536,3.5215e-08
bare,65536,2.1094e-08
bare,65536,5.6599e-08
bare,65536,2.9161e-08
bare,65536,2.8298e-08
bare,65536,2.3979e-08
bare,65536,5.2756e-08
bare,65536,3.7849e-08
bare,65536,1.994e-08
bare,65536,2.6704e-08
bare,65536,2.4761e-08
bare,65536,3.2256e-08
bare,65536,2.7987e-08
bare,65536,2.2432e-08
bare,65536,3.8744e-08
bare,65536,3.9773e-08
bare,65536,8.7716e-08
bare,65536,2.863e-08
bare,65536,9.0298e-08
bare,65536,2.7044e-08
bare,65536,8.8639e-08
bare,65536,1.70213e-07
bare,65536,1.9844e-08
bare,65536,8.8732e-08
bare,65536,2.5902e-08
bare,65536,8.8183e-08
bare,65536,9.6647e-08
bare,65536,1.84698e-07
bare,65536,2.1095e-08
bare,65536,2.0901e-08
bare,65536,2.1975e-08
bare,65536,9.0902e-08
bare,65536,1.05688e-07
bare,65536,2.1507e-08
bare,65536,2.0513e-08
bare,65536,2.3747e-08
bare,65536,9.4037e-08
bare,65536,2.3105e-08
bare,65536,1.13963e-07
bare,65536,9.3566e-08
bare,65536,2.1112e-08
bare,65536,2.4885e-08
bare,65536,2.0525e-08
bare,65536,1.9836e-08
bare,65536,3.5839e-08
bare,65536,3.6518e-08
bare,65536,2.6257e-08
bare,65536,2.679e-08
bare,65536,8.1747e-08
bare,65536,5.3069e-08
bare,65536,1.9392e-08
bare,65536,2.0472e-08
bare,65536,4.6146e-08
bare,65536,8.7576e-08
bare,65536,2.3841e-08
bare,65536,2.6083e-08
bare,65536,2.5247e-08
bare,65536,2.9085e-08
bare,65536,2.2825e-08
bare,65536,2.3735e-08
bare,65536,1.30635e-07
bare,65536,2.6728e-08
bare,65536,2.9695e-08
bare,65536,5.598e-08
bare,65536,1.0139e-07
bare,65536,8.3032e-08
bare,65536,1.75405e-07
bare,65536,1.06968e-07
bare,65536,2.5055e-08
bare,65536,2.8493e-08
bare,65536,3.179e-08
bare,65536,2.0792e-08
bare,65536,2.785e-08
bare,65536,2.4582e-08
bare,65536,2.3275e-08
bare,65536,3.2003e-08
bare,65536,2.5971e-08
bare,65536,3.1893e-08
bare,65536,3.3648e-08
bare,65536,3.6925e-08
bare,65536,2.1622e-08
bare,65536,9.7621e-08
bare,65536,9.1217e-08
bare,65536,1.18105e-07
bare,65536,2.0148e-08
bare,65536,2.5004e-08
bare,65536,3.0162e-08
bare,65536,4.0255e-08
bare,65536,2.5757e-08
bare,65536,5.1848e-08
bare,65536,2.9063e-08
bare,65536,3.7754e-08
bare,65536,2.7265e-08
bare,65536,3.592e-08
bare,65536,2.4081e-08
bare,65536,4.1382e-08
bare,65536,8.8047e-08
bare,65536,9.6002e-08
bare,65536,6.1925e-08
bare,65536,5.9794e-08
bare,65536,5.8555e-08
bare,65536,2.0782e-08
bare,65536,5.4629e-08
bare,65536,3.0621e-08
bare,65536,2.3231e-08
bare,65536,2.8168e-08
bare,65536,4.4138e-08
bare,65536,4.4123e-08
bare,65536,2.0684e-08
bare,65536,3.1228e-08
bare,65536,2.6841e-08
bare,65536,4.6534e-08
bare,65536,9.0567e-08
bare,65536,2.399e-08
bare,65536,2.2786e-08
bare,65536,2.7085e-08
bare,65536,4.4693e-08
bare,65536,2.9571e-08
bare,262144,9.3256e-08
bare,262144,2.1852e-08
bare,262144,2.4989e-08
bare,262144,6.9922e-08
bare,262144,1.8251e-08
bare,262144,2.6809e-08
bare,262144,8.7589e-08
bare,262144,2.5832e-08
bare,262144,3.0307e-08
bare,262144,2.8712e-08
bare,262144,8.9665e-08
bare,262144,2.498e-08
bare,262144,3.1075e-08
bare,262144,3.4926e-08
bare,262144,3.7488e-08
bare,262144,2.0428e-08
bare,262144,2.1961e-08
bare,262144,3.9884e-08
bare,262144,2.138e-08
bare,262144,2.6318e-08
bare,262144,7.5502e-08
bare,262144,2.6959e-08
bare,262144,9.0921e-08
bare,262144,2.4724e-08
bare,262144,3.3882e-08
bare,262144,3.1609e-08
bare,262144,4.8525e-08
bare,262144,2.416e-08
bare,262144,2.9134e-08
bare,262144,3.161e-08
bare,262144,4.1259e-08
bare,262144,2.6767e-08
bare,262144,2.1084e-08
bare,262144,3.9007e-08
bare,262144,3.688e-08
bare,262144,4.4532e-08
bare,262144,2.9679e-08
bare,262144,3.3841e-08
bare,262144,3.4968e-08
bare,262144,5.4635e-08
bare,262144,3.6756e-08
bare,262144,2.8019e-08
bare,262144,3.3319e-08
bare,262144,2.784e-08
bare,262144,3.1716e-08
bare,262144,5.802e-08
bare,262144,2.6021e-08
bare,262144,5.6696e-08
bare,262144,2.2546e-08
bare,262144,8.8729e-08
bare,262144,2.1852e-08
bare,262144,2.687e-08
bare,262144,2.2967e-08
bare,262144,7.4327e-08
bare,262144,1.01634e-07
bare,262144,3.1802e-08
bare,262144,2.587e-08
bare,262144,4.5582e-08
bare,262144,9.0961e-08
bare,262144,4.5904e-08
bare,262144,8.7866e-08
bare,262144,3.1749e-08
bare,262144,2.1792e-08
bare,262144,8.7622e-08
bare,262144,2.4108e-08
bare,262144,2.0728e-08
bare,262144,3.2049e-08
bare,262144,2.5866e-08
bare,262144,3.2732e-08
bare,262144,2.4774e-08
bare,262144,7.9963e-08
bare,262144,2.8107e-08
bare,262144,2.26e-08
bare,262144,4.2547e-08
bare,262144,2.7069e-08
bare,262144,4.0542e-08
bare,262144,9.3656e-08
bare,262144,2.4832e-08
bare,262144,8.9317e-08
bare,262144,9.0689e-08
bare,262144,3.1189e-08
bare,262144,5.0751e-08
bare,262144,2.8072e-08
bare,262144,6.2953e-08
bare,262144,1.9944e-08
bare,262144,2.0405e-08
bare,262144,2.1717e-08
bare,262144,3.356e-08
bare,262144,3.093e-08
bare,262144,2.2956e-08
bare,262144,4.2493e-08
bare,262144,3.3237e-08
bare,262144,5.3434e-08
bare,262144,2.0012e-08
bare,262144,2.6076e-08
bare,262144,3.1647e-08
bare,262144,8.7556e-08
bare,262144,5.1745e-08
bare,262144,2.198e-08
bare,262144,5.0486e-08
bare,262144,2.7572e-08
bare,262144,1.02235e-07
bare,262144,9.2847e-08
bare,262144,2.3606e-08
bare,262144,2.0677e-08
bare,262144,2.045e-08
bare,262144,2.2355e-08
bare,262144,2.2519e-08
bare,262144,2.6655e-08
bare,262144,2.2594e-08
bare,262144,3.3602e-08
bare,262144,3.2467e-08
bare,262144,2.6416e-08
bare,262144,2.9001e-08
bare,262144,2.8486e-08
bare,262144,3.1573e-08
bare,262144,3.389e-08
bare,262144,8.8121e-08
bare,262144,2.829e-08
bare,262144,1.9862e-08
bare,262144,2.8482e-08
bare,262144,3.1203e-08
bare,262144,2.0532e-08
bare,262144,2.8913e-08
bare,262144,9.0731e-08
bare,262144,8.3318e-08
bare,262144,9.2506e-08
bare,262144,4.632e-08
bare,262144,3.1e-08
bare,262144,4.3791e-08
bare,262144,5.2888e-08
bare,262144,8.2136e-08
bare,262144,2.3622e-08
bare,262144,3.4248e-08
bare,262144,6.7505e-08
bare,262144,2.6552e-08
bare,262144,3.1325e-08
bare,262144,3.1675e-08
bare,262144,2.1107e-08
bare,262144,2.4457e-08
bare,262144,3.6355e-08
bare,262144,3.1874e-08
bare,262144,3.3435e-08
bare,262144,2.0441e-08
bare,262144,5.9497e-08
bare,262144,2.201e-08
bare,262144,4.1894e-08
bare,262144,2.1049e-08
bare,262144,3.2824e-08
bare,262144,2.9318e-08
bare,262144,8.6358e-08
bare,262144,3.2253e-08
bare,262144,9.3676e-08
bare,262144,2.1763e-08
bare,262144,5.3314e-08
bare,262144,1.977e-08
bare,262144,2.3628e-08
bare,262144,5.7172e-08
bare,262144,1.9812e-08
bare,262144,1.9871e-08
bare,262144,3.1249e-08
bare,262144,2.9721e-08
bare,262144,6.1401e-08
bare,262144,2.2956e-08
bare,262144,3.1686e-08
bare,262144,2.6825e-08
bare,262144,3.0445e-08
bare,262144,3.1897e-08
bare,262144,2.1321e-08
bare,262144,2.4057e-08
bare,262144,7.7992e-08
bare,262144,4.7983e-08
bare,262144,3.333e-08
bare,262144,3.2255e-08
bare,262144,1.8746e-08
bare,262144,4.2119e-08
bare,262144,2.3244e-08
bare,262144,2.2439e-08
bare,262144,9.7439e-08
bare,262144,2.288e-08
bare,262144,3.2001e-08
bare,262144,1.9848e-08
bare,262144,2.0322e-08
bare,262144,2.819e-08
bare,262144,3.4122e-08
bare,262144,2.062e-08
bare,262144,2.1969e-08
bare,262144,2.7906e-08
bare,262144,2.7113e-08
bare,262144,2.0934e-08
bare,262144,4.2e-08
bare,262144,1.9285e-08
bare,262144,8.1581e-08
bare,262144,2.4532e-08
bare,262144,2.795e-08
bare,262144,5.868e-08
bare,262144,2.8044e-08
bare,262144,4.1815e-08
bare,262144,3.2379e-08
bare,262144,2.7919e-08
bare,1048576,2.3827e-08
bare,1048576,4.2983e-08
bare,1048576,9.1614e-08
bare,1048576,9.3597e-08
bare,1048576,2.0317e-08
bare,1048576,3.1547e-08
bare,1048576,2.9294e-08
bare,1048576,2.6744e-08
bare,1048576,2.0327e-08
bare,1048576,3.5922e-08
bare,1048576,4.9677e-08
bare,1048576,2.657e-08
bare,1048576,4.9236e-08
bare,1048576,2.5957e-08
bare,1048576,5.5093e-08
bare,1048576,3.4844e-08
bare,1048576,2.131e-08
bare,1048576,3.4314e-08
bare,1048576,3.246e-08
bare,1048576,3.7061e-08
bare,1048576,4.8841e-08
bare,1048576,8.9077e-08
bare,1048576,3.1501e-08
bare,1048576,4.3716e-08
bare,1048576,2.9723e-08
bare,1048576,2.8491e-08
bare,1048576,5.4019e-08
bare,1048576,2.3654e-08
bare,1048576,6.4551e-08
bare,1048576,2.7919e-08
bare,1048576,8.7726e-08
bare,1048576,2.4075e-08
bare,1048576,9.2928e-08
bare,1048576,3.295e-08
bare,1048576,3.5959e-08
bare,1048576,5.8098e-08
bare,1048576,3.5322e-08
bare,1048576,2.2854e-08
bare,1048576,3.0575e-08
bare,1048576,8.5836e-08
bare,1048576,9.1018e-08
bare,1048576,2.4242e-08
bare,1048576,3.2669e-08
bare,1048576,8.8813e-08
bare,1048576,2.8845e-08
bare,1048576,3.2042e-08
bare,1048576,8.7718e-08
bare,1048576,3.1624e-08
bare,1048576,3.0434e-08
bare,1048576,2.6957e-08
bare,1048576,3.3476e-08
bare,1048576,8.8936e-08
bare,1048576,2.1115e-08
bare,1048576,8.7344e-08
bare,1048576,2.3758e-08
bare,1048576,4.1522e-08
bare,1048576,2.3955e-08
bare,1048576,8.7139e-08
bare,1048576,3.4937e-08
bare,1048576,2.671e-08
bare,1048576,3.8536e-08
bare,1048576,6.3866e-08
bare,1048576,5.3823e-08
bare,1048576,2.7962e-08
bare,1048576,2.4966e-08
bare,1048576,2.3979e-08
bare,1048576,3.8768e-08
bare,1048576,3.0336e-08
bare,1048576,4.4811e-08
bare,1048576,2.8131e-08
bare,1048576,4.695e-08
bare,1048576,3.1887e-08
bare,1048576,1.9516e-08
bare,1048576,3.8975e-08
bare,1048576,4.9829e-08
bare,1048576,1.9979e-08
bare,1048576,3.3552e-08
bare,1048576,3.0378e-08
bare,1048576,4.0719e-08
bare,1048576,3.0377e-08
bare,1048576,4.1997e-08
bare,1048576,8.5199e-08
bare,1048576,2.4268e-08
bare,1048576,3.0518e-08
bare,1048576,8.4212e-08
bare,1048576,2.5256e-08
bare,1048576,4.3874e-08
bare,1048576,2.5682e-08
bare,1048576,8.7883e-08
bare,1048576,8.62e-08
bare,1048576,3.3215e-08
bare,1048576,3.6877e-08
bare,1048576,2.9655e-08
bare,1048576,2.7787e-08
bare,1048576,2.8508e-08
bare,1048576,2.3486e-08
bare,1048576,2.7103e-08
bare,1048576,3.7953e-08
bare,1048576,4.4575e-08
bare,1048576,2.5126e-08
bare,1048576,2.8894e-08
bare,1048576,3.2413e-08
bare,1048576,3.2078e-08
bare,1048576,3.0353e-08
bare,1048576,2.5626e-08
bare,1048576,3.4742e-08
bare,1048576,3.0677e-08
bare,1048576,3.1834e-08
bare,1048576,2.2674e-08
bare,1048576,2.6897e-08
bare,1048576,7.7234e-08
bare,1048576,2.1159e-08
bare,1048576,8.2544e-08
bare,1048576,2.3465e-08
bare,1048576,8.0843e-08
bare,1048576,2.0443e-08
bare,1048576,2.932e-08
bare,1048576,3.2238e-08
bare,1048576,2.7447e-08
bare,1048576,2.1759e-08
bare,1048576,3.4421e-08
bare,1048576,3.7005e-08
bare,1048576,8.0008e-08
bare,1048576,1.9449e-08
bare,1048576,3.2972e-08
bare,1048576,2.9542e-08
bare,1048576,2.4443e-08
bare,1048576,4.1634e-08
bare,1048576,2.4754e-08
bare,1048576,2.5304e-08
bare,1048576,8.8371e-08
bare,1048576,2.0683e-08
bare,1048576,2.3449e-08
bare,1048576,4.9057e-08
bare,1048576,2.8006e-08
bare,1048576,2.4758e-08
bare,1048576,2.369e-08
bare,1048576,7.9224e-08
bare,1048576,2.279e-08
bare,1048576,2.1503e-08
bare,1048576,5.664e-08
bare,1048576,2.1322e-08
bare,1048576,2.1093e-08
bare,1048576,3.1917e-08
bare,1048576,2.1011e-08
bare,1048576,3.7003e-08
bare,1048576,3.2564e-08
bare,1048576,5.802e-08
bare,1048576,6.0772e-08
bare,1048576,2.1729e-08
bare,1048576,7.751e-08
bare,1048576,3.3491e-08
bare,1048576,2.1312e-08
bare,1048576,6.6044e-08
bare,1048576,5.2872e-08
bare,1048576,3.3495e-08
bare,1048576,2.1781e-08
bare,1048576,2.0638e-08
bare,1048576,2.0758e-08
bare,1048576,3.2863e-08
bare,1048576,2.0558e-08
bare,1048576,3.1522e-08
bare,1048576,2.5002e-08
bare,1048576,2.5105e-08
bare,1048576,4.461e-08
bare,1048576,3.1868e-08
bare,1048576,2.0788e-08
bare,1048576,2.4183e-08
bare,1048576,2.0434e-08
bare,1048576,2.4312e-08
bare,1048576,2.2993e-08
bare,1048576,3.6605e-08
bare,1048576,2.0361e-08
bare,1048576,2.7192e-08
bare,1048576,3.0722e-08
bare,1048576,2.1715e-08
bare,1048576,3.1583e-08
bare,1048576,2.1111e-08
bare,1048576,2.5001e-08
bare,1048576,2.1634e-08
bare,1048576,2.0693e-08
bare,1048576,4.1814e-08
bare,1048576,1.9854e-08
bare,1048576,2.0606e-08
bare,1048576,2.27e-08
bare,1048576,1.34038e-07
bare,1048576,4.0246e-08
bare,1048576,2.151e-08
bare,1048576,2.0526e-08
bare,1048576,2.3683e-08
bare,1048576,2.256e-08
bare,1048576,2.1184e-08
bare,1048576,2.806e-08
bare,1048576,6.6205e-08
bare,1048576,2.1591e-08
bare,1048576,2.2256e-08
bare,1048576,9.1198e-08
bare,1048576,2.1532e-08
bare,1048576,2.2694e-08
bare,1048576,7.9681e-08
runsc_ptrace,4096,5.8743e-08
runsc_ptrace,4096,2.01045e-07
runsc_ptrace,4096,2.13737e-07
runsc_ptrace,4096,1.96017e-07
runsc_ptrace,4096,1.80537e-07
runsc_ptrace,4096,1.80146e-07
runsc_ptrace,4096,9.6948e-08
runsc_ptrace,4096,1.14713e-07
runsc_ptrace,4096,1.97354e-07
runsc_ptrace,4096,2.02002e-07
runsc_ptrace,4096,1.8215e-07
runsc_ptrace,4096,2.16462e-07
runsc_ptrace,4096,1.98973e-07
runsc_ptrace,4096,2.03621e-07
runsc_ptrace,4096,2.14e-07
runsc_ptrace,4096,2.12231e-07
runsc_ptrace,4096,1.96506e-07
runsc_ptrace,4096,2.05353e-07
runsc_ptrace,4096,1.97157e-07
runsc_ptrace,4096,2.45456e-07
runsc_ptrace,4096,1.54429e-07
runsc_ptrace,4096,1.57633e-07
runsc_ptrace,4096,7.7917e-08
runsc_ptrace,4096,2.11664e-07
runsc_ptrace,4096,1.8649e-07
runsc_ptrace,4096,2.18219e-07
runsc_ptrace,4096,2.06897e-07
runsc_ptrace,4096,9.9351e-08
runsc_ptrace,4096,1.67052e-07
runsc_ptrace,4096,1.20609e-07
runsc_ptrace,4096,1.61745e-07
runsc_ptrace,4096,1.999e-07
runsc_ptrace,4096,2.20487e-07
runsc_ptrace,4096,1.99487e-07
runsc_ptrace,4096,2.02698e-07
runsc_ptrace,4096,2.13e-07
runsc_ptrace,4096,2.2077e-07
runsc_ptrace,4096,1.9841e-07
runsc_ptrace,4096,1.82742e-07
runsc_ptrace,4096,1.81306e-07
runsc_ptrace,4096,2.11346e-07
runsc_ptrace,4096,9.1851e-08
runsc_ptrace,4096,1.63551e-07
runsc_ptrace,4096,1.74178e-07
runsc_ptrace,4096,2.07586e-07
runsc_ptrace,4096,9.0586e-08
runsc_ptrace,4096,2.1464e-07
runsc_ptrace,4096,1.58954e-07
runsc_ptrace,4096,1.89176e-07
runsc_ptrace,4096,2.23495e-07
runsc_ptrace,4096,1.21284e-07
runsc_ptrace,4096,2.02935e-07
runsc_ptrace,4096,2.12779e-07
runsc_ptrace,4096,2.0501e-07
runsc_ptrace,4096,1.74159e-07
runsc_ptrace,4096,1.85076e-07
runsc_ptrace,4096,2.17853e-07
runsc_ptrace,4096,2.21087e-07
runsc_ptrace,4096,1.78689e-07
runsc_ptrace,4096,9.2187e-08
runsc_ptrace,4096,2.09977e-07
runsc_ptrace,4096,1.83173e-07
runsc_ptrace,4096,1.73808e-07
runsc_ptrace,4096,1.80384e-07
runsc_ptrace,4096,2.00485e-07
runsc_ptrace,4096,1.7392e-07
runsc_ptrace,4096,2.02791e-07
runsc_ptrace,4096,1.8229e-07
runsc_ptrace,4096,2.06806e-07
runsc_ptrace,4096,2.08375e-07
runsc_ptrace,4096,1.99062e-07
runsc_ptrace,4096,1.88863e-07
runsc_ptrace,4096,1.95606e-07
runsc_ptrace,4096,1.98294e-07
runsc_ptrace,4096,2.16705e-07
runsc_ptrace,4096,2.03136e-07
runsc_ptrace,4096,2.00179e-07
runsc_ptrace,4096,2.18062e-07
runsc_ptrace,4096,1.99209e-07
runsc_ptrace,4096,1.95508e-07
runsc_ptrace,4096,1.76872e-07
runsc_ptrace,4096,2.16014e-07
runsc_ptrace,4096,2.07438e-07
runsc_ptrace,4096,1.9244e-07
runsc_ptrace,4096,2.04009e-07
runsc_ptrace,4096,1.99165e-07
runsc_ptrace,4096,1.0994e-07
runsc_ptrace,4096,2.01765e-07
runsc_ptrace,4096,2.19958e-07
runsc_ptrace,4096,2.13611e-07
runsc_ptrace,4096,1.89772e-07
runsc_ptrace,4096,1.94779e-07
runsc_ptrace,4096,2.0218e-07
runsc_ptrace,4096,1.9095e-07
runsc_ptrace,4096,2.19134e-07
runsc_ptrace,4096,2.02172e-07
runsc_ptrace,4096,2.09366e-07
runsc_ptrace,4096,2.16911e-07
runsc_ptrace,4096,2.12569e-07
runsc_ptrace,4096,2.03803e-07
runsc_ptrace,16384,1.9834e-07
runsc_ptrace,16384,1.92708e-07
runsc_ptrace,16384,1.92336e-07
runsc_ptrace,16384,2.03402e-07
runsc_ptrace,16384,1.8504e-07
runsc_ptrace,16384,2.2769e-07
runsc_ptrace,16384,2.09199e-07
runsc_ptrace,16384,2.03744e-07
runsc_ptrace,16384,2.14438e-07
runsc_ptrace,16384,1.95499e-07
runsc_ptrace,16384,2.13131e-07
runsc_ptrace,16384,2.03228e-07
runsc_ptrace,16384,2.35007e-07
runsc_ptrace,16384,1.85735e-07
runsc_ptrace,16384,1.71372e-07
runsc_ptrace,16384,1.50872e-07
runsc_ptrace,16384,2.04411e-07
runsc_ptrace,16384,1.1525e-07
runsc_ptrace,16384,1.96827e-07
runsc_ptrace,16384,1.87593e-07
runsc_ptrace,16384,2.00054e-07
runsc_ptrace,16384,2.08128e-07
runsc_ptrace,16384,1.85301e-07
runsc_ptrace,16384,1.83101e-07
runsc_ptrace,16384,1.83377e-07
runsc_ptrace,16384,1.95119e-07
runsc_ptrace,16384,1.99159e-07
runsc_ptrace,16384,1.35153e-07
runsc_ptrace,16384,1.79436e-07
runsc_ptrace,16384,1.73878e-07
runsc_ptrace,16384,2.03775e-07
runsc_ptrace,16384,2.12333e-07
runsc_ptrace,16384,1.25207e-07
runsc_ptrace,16384,2.09516e-07
runsc_ptrace,16384,1.91702e-07
runsc_ptrace,16384,1.89683e-07
runsc_ptrace,16384,1.96683e-07
runsc_ptrace,16384,1.94351e-07
runsc_ptrace,16384,2.42615e-07
runsc_ptrace,16384,2.11725e-07
runsc_ptrace,16384,1.9465e-07
runsc_ptrace,16384,2.13469e-07
runsc_ptrace,16384,1.95762e-07
runsc_ptrace,16384,2.20328e-07
runsc_ptrace,16384,1.82021e-07
runsc_ptrace,16384,2.22192e-07
runsc_ptrace,16384,1.79919e-07
runsc_ptrace,16384,1.28516e-07
runsc_ptrace,16384,2.2183e-07
runsc_ptrace,16384,2.22259e-07
runsc_ptrace,16384,1.79176e-07
runsc_ptrace,16384,1.93281e-07
runsc_ptrace,16384,9.236e-08
runsc_ptrace,16384,2.14742e-07
runsc_ptrace,16384,2.06553e-07
runsc_ptrace,16384,1.99221e-07
runsc_ptrace,16384,1.95382e-07
runsc_ptrace,16384,1.8489e-07
runsc_ptrace,16384,1.95761e-07
runsc_ptrace,16384,1.21639e-07
runsc_ptrace,16384,1.77313e-07
runsc_ptrace,16384,1.48368e-07
runsc_ptrace,16384,1.80183e-07
runsc_ptrace,16384,2.14111e-07
runsc_ptrace,16384,1.95308e-07
runsc_ptrace,16384,1.99961e-07
runsc_ptrace,16384,2.06246e-07
runsc_ptrace,16384,2.18368e-07
runsc_ptrace,16384,2.04833e-07
runsc_ptrace,16384,2.15176e-07
runsc_ptrace,16384,1.78998e-07
runsc_ptrace,16384,2.1565e-07
runsc_ptrace,16384,2.12291e-07
runsc_ptrace,16384,9.4316e-08
runsc_ptrace,16384,2.07684e-07
runsc_ptrace,16384,2.16478e-07
runsc_ptrace,16384,2.08573e-07
runsc_ptrace,16384,2.08984e-07
runsc_ptrace,16384,1.97883e-07
runsc_ptrace,16384,1.98648e-07
runsc_ptrace,16384,2.04502e-07
runsc_ptrace,16384,1.56397e-07
runsc_ptrace,16384,2.05227e-07
runsc_ptrace,16384,1.99223e-07
runsc_ptrace,16384,2.10367e-07
runsc_ptrace,16384,2.16534e-07
runsc_ptrace,16384,2.17482e-07
runsc_ptrace,16384,2.03772e-07
runsc_ptrace,16384,1.81108e-07
runsc_ptrace,16384,1.94934e-07
runsc_ptrace,16384,2.12053e-07
runsc_ptrace,16384,2.09262e-07
runsc_ptrace,16384,2.0432e-07
runsc_ptrace,16384,1.73489e-07
runsc_ptrace,16384,1.81897e-07
runsc_ptrace,16384,2.11488e-07
runsc_ptrace,16384,2.10061e-07
runsc_ptrace,16384,1.71519e-07
runsc_ptrace,16384,1.73777e-07
runsc_ptrace,16384,2.05759e-07
runsc_ptrace,65536,1.78045e-07
runsc_ptrace,65536,2.01491e-07
runsc_ptrace,65536,2.05054e-07
runsc_ptrace,65536,2.00558e-07
runsc_ptrace,65536,2.13924e-07
runsc_ptrace,65536,2.00925e-07
runsc_ptrace,65536,2.13108e-07
runsc_ptrace,65536,1.95531e-07
runsc_ptrace,65536,2.1819e-07
runsc_ptrace,65536,1.97717e-07
runsc_ptrace,65536,1.95839e-07
runsc_ptrace,65536,1.61674e-07
runsc_ptrace,65536,1.50675e-07
runsc_ptrace,65536,1.94959e-07
runsc_ptrace,65536,1.88227e-07
runsc_ptrace,65536,1.96559e-07
runsc_ptrace,65536,2.2441e-07
runsc_ptrace,65536,2.03855e-07
runsc_ptrace,65536,1.91022e-07
runsc_ptrace,65536,2.01743e-07
runsc_ptrace,65536,2.02065e-07
runsc_ptrace,65536,2.08985e-07
runsc_ptrace,65536,1.71062e-07
runsc_ptrace,65536,2.11061e-07
runsc_ptrace,65536,1.9369e-07
runsc_ptrace,65536,1.7694e-07
runsc_ptrace,65536,1.6628e-07
runsc_ptrace,65536,1.77798e-07
runsc_ptrace,65536,2.15871e-07
runsc_ptrace,65536,2.05823e-07
runsc_ptrace,65536,2.03776e-07
runsc_ptrace,65536,2.08388e-07
runsc_ptrace,65536,2.11004e-07
runsc_ptrace,65536,2.05585e-07
runsc_ptrace,65536,2.04584e-07
runsc_ptrace,65536,2.13458e-07
runsc_ptrace,65536,2.20874e-07
runsc_ptrace,65536,2.0945e-07
runsc_ptrace,65536,2.08582e-07
runsc_ptrace,65536,2.13308e-07
runsc_ptrace,65536,2.18888e-07
runsc_ptrace,65536,2.46279e-07
runsc_ptrace,65536,2.13251e-07
runsc_ptrace,65536,2.18052e-07
runsc_ptrace,65536,1.90096e-07
runsc_ptrace,65536,2.18416e-07
runsc_ptrace,65536,9.9377e-08
runsc_ptrace,65536,2.06804e-07
runsc_ptrace,65536,2.1864e-07
runsc_ptrace,65536,2.16258e-07
runsc_ptrace,65536,2.17656e-07
runsc_ptrace,65536,6.5476e-08
runsc_ptrace,65536,2.05888e-07
runsc_ptrace,65536,2.08733e-07
runsc_ptrace,65536,2.21594e-07
runsc_ptrace,65536,2.11735e-07
runsc_ptrace,65536,2.14412e-07
runsc_ptrace,65536,2.1272e-07
runsc_ptrace,65536,2.15904e-07
runsc_ptrace,65536,2.18717e-07
runsc_ptrace,65536,5.6726e-08
runsc_ptrace,65536,1.61887e-07
runsc_ptrace,65536,2.10191e-07
runsc_ptrace,65536,2.18179e-07
runsc_ptrace,65536,2.14143e-07
runsc_ptrace,65536,2.18723e-07
runsc_ptrace,65536,2.1568e-07
runsc_ptrace,65536,2.1413e-07
runsc_ptrace,65536,2.16282e-07
runsc_ptrace,65536,2.19197e-07
runsc_ptrace,65536,2.17347e-07
runsc_ptrace,65536,2.17012e-07
runsc_ptrace,65536,2.07723e-07
runsc_ptrace,65536,2.14865e-07
runsc_ptrace,65536,2.08564e-07
runsc_ptrace,65536,2.16616e-07
runsc_ptrace,65536,2.12214e-07
runsc_ptrace,65536,2.15165e-07
runsc_ptrace,65536,2.16971e-07
runsc_ptrace,65536,2.11839e-07
runsc_ptrace,65536,2.04701e-07
runsc_ptrace,65536,2.11198e-07
runsc_ptrace,65536,2.12997e-07
runsc_ptrace,65536,2.16595e-07
runsc_ptrace,65536,2.18465e-07
runsc_ptrace,65536,2.31173e-07
runsc_ptrace,65536,1.89319e-07
runsc_ptrace,65536,1.38321e-07
runsc_ptrace,65536,1.88195e-07
runsc_ptrace,65536,1.82794e-07
runsc_ptrace,65536,2.0085e-07
runsc_ptrace,65536,1.8948e-07
runsc_ptrace,65536,2.06554e-07
runsc_ptrace,65536,2.23601e-07
runsc_ptrace,65536,1.87111e-07
runsc_ptrace,65536,1.02531e-07
runsc_ptrace,65536,2.01411e-07
runsc_ptrace,65536,7.1723e-08
runsc_ptrace,65536,2.05666e-07
runsc_ptrace,65536,1.45184e-07
runsc_ptrace,262144,2.02488e-07
runsc_ptrace,262144,1.63411e-07
runsc_ptrace,262144,1.55931e-07
runsc_ptrace,262144,1.88482e-07
runsc_ptrace,262144,1.8948e-07
runsc_ptrace,262144,1.79796e-07
runsc_ptrace,262144,1.85802e-07
runsc_ptrace,262144,1.84388e-07
runsc_ptrace,262144,1.73417e-07
runsc_ptrace,262144,1.98402e-07
runsc_ptrace,262144,1.30888e-07
runsc_ptrace,262144,2.0182e-07
runsc_ptrace,262144,1.93819e-07
runsc_ptrace,262144,2.13534e-07
runsc_ptrace,262144,1.98298e-07
runsc_ptrace,262144,2.18432e-07
runsc_ptrace,262144,1.84928e-07
runsc_ptrace,262144,2.13174e-07
runsc_ptrace,262144,1.79361e-07
runsc_ptrace,262144,2.19798e-07
runsc_ptrace,262144,1.95851e-07
runsc_ptrace,262144,2.1375e-07
runsc_ptrace,262144,1.99001e-07
runsc_ptrace,262144,1.64494e-07
runsc_ptrace,262144,2.07905e-07
runsc_ptrace,262144,5.9851e-08
runsc_ptrace,262144,2.34485e-07
runsc_ptrace,262144,1.56944e-07
runsc_ptrace,262144,1.94946e-07
runsc_ptrace,262144,1.89906e-07
runsc_ptrace,262144,1.77701e-07
runsc_ptrace,262144,1.99913e-07
runsc_ptrace,262144,2.01225e-07
runsc_ptrace,262144,2.19013e-07
runsc_ptrace,262144,1.67776e-07
runsc_ptrace,262144,2.08123e-07
runsc_ptrace,262144,2.13024e-07
runsc_ptrace,262144,1.92217e-07
runsc_ptrace,262144,1.99297e-07
runsc_ptrace,262144,1.86018e-07
runsc_ptrace,262144,2.05595e-07
runsc_ptrace,262144,2.06676e-07
runsc_ptrace,262144,1.98035e-07
runsc_ptrace,262144,8.8083e-08
runsc_ptrace,262144,1.85651e-07
runsc_ptrace,262144,1.7983e-07
runsc_ptrace,262144,2.17665e-07
runsc_ptrace,262144,1.8109e-07
runsc_ptrace,262144,1.01606e-07
runsc_ptrace,262144,2.19642e-07
runsc_ptrace,262144,1.49569e-07
runsc_ptrace,262144,1.05977e-07
runsc_ptrace,262144,2.03442e-07
runsc_ptrace,262144,2.22154e-07
runsc_ptrace,262144,1.90696e-07
runsc_ptrace,262144,1.82467e-07
runsc_ptrace,262144,1.4833e-07
runsc_ptrace,262144,1.56973e-07
runsc_ptrace,262144,2.07826e-07
runsc_ptrace,262144,1.752e-07
runsc_ptrace,262144,1.78147e-07
runsc_ptrace,262144,1.85771e-07
runsc_ptrace,262144,2.27383e-07
runsc_ptrace,262144,1.929e-07
runsc_ptrace,262144,9.3915e-08
runsc_ptrace,262144,2.08061e-07
runsc_ptrace,262144,2.04752e-07
runsc_ptrace,262144,1.98353e-07
runsc_ptrace,262144,2.00222e-07
runsc_ptrace,262144,1.94575e-07
runsc_ptrace,262144,2.11138e-07
runsc_ptrace,262144,2.07492e-07
runsc_ptrace,262144,1.17881e-07
runsc_ptrace,262144,1.92463e-07
runsc_ptrace,262144,1.5524e-07
runsc_ptrace,262144,1.77983e-07
runsc_ptrace,262144,2.42488e-07
runsc_ptrace,262144,2.24241e-07
runsc_ptrace,262144,1.88935e-07
runsc_ptrace,262144,2.09537e-07
runsc_ptrace,262144,1.61704e-07
runsc_ptrace,262144,1.98975e-07
runsc_ptrace,262144,2.11806e-07
runsc_ptrace,262144,1.1703e-07
runsc_ptrace,262144,1.93238e-07
runsc_ptrace,262144,1.87075e-07
runsc_ptrace,262144,1.89586e-07
runsc_ptrace,262144,2.20023e-07
runsc_ptrace,262144,1.76094e-07
runsc_ptrace,262144,2.07565e-07
runsc_ptrace,262144,1.83556e-07
runsc_ptrace,262144,1.86887e-07
runsc_ptrace,262144,1.72054e-07
runsc_ptrace,262144,2.05285e-07
runsc_ptrace,262144,1.90756e-07
runsc_ptrace,262144,1.76577e-07
runsc_ptrace,262144,1.62712e-07
runsc_ptrace,262144,1.97035e-07
runsc_ptrace,262144,2.0309e-07
runsc_ptrace,262144,2.12316e-07
runsc_ptrace,1048576,2.07691e-07
runsc_ptrace,1048576,2.00013e-07
runsc_ptrace,1048576,1.98435e-07
runsc_ptrace,1048576,1.82758e-07
runsc_ptrace,1048576,1.26656e-07
runsc_ptrace,1048576,1.9814e-07
runsc_ptrace,1048576,1.90643e-07
runsc_ptrace,1048576,1.9907e-07
runsc_ptrace,1048576,2.05158e-07
runsc_ptrace,1048576,2.05364e-07
runsc_ptrace,1048576,1.73562e-07
runsc_ptrace,1048576,1.98338e-07
runsc_ptrace,1048576,2.1786e-07
runsc_ptrace,1048576,1.94134e-07
runsc_ptrace,1048576,1.94425e-07
runsc_ptrace,1048576,1.91311e-07
runsc_ptrace,1048576,1.76305e-07
runsc_ptrace,1048576,1.90084e-07
runsc_ptrace,1048576,2.56926e-07
runsc_ptrace,1048576,1.71694e-07
runsc_ptrace,1048576,1.83783e-07
runsc_ptrace,1048576,1.49244e-07
runsc_ptrace,1048576,1.05333e-07
runsc_ptrace,1048576,2.3347e-07
runsc_ptrace,1048576,1.89719e-07
runsc_ptrace,1048576,2.05765e-07
runsc_ptrace,1048576,2.16725e-07
runsc_ptrace,1048576,1.43129e-07
runsc_ptrace,1048576,1.988e-07
runsc_ptrace,1048576,2.06546e-07
runsc_ptrace,1048576,2.12166e-07
runsc_ptrace,1048576,1.17103e-07
runsc_ptrace,1048576,2.01679e-07
runsc_ptrace,1048576,2.08109e-07
runsc_ptrace,1048576,1.54774e-07
runsc_ptrace,1048576,6.0925e-08
runsc_ptrace,1048576,2.15221e-07
runsc_ptrace,1048576,1.71116e-07
runsc_ptrace,1048576,1.81925e-07
runsc_ptrace,1048576,1.21013e-07
runsc_ptrace,1048576,1.92098e-07
runsc_ptrace,1048576,2.05603e-07
runsc_ptrace,1048576,1.93508e-07
runsc_ptrace,1048576,1.78872e-07
runsc_ptrace,1048576,2.28574e-07
runsc_ptrace,1048576,1.71683e-07
runsc_ptrace,1048576,1.75891e-07
runsc_ptrace,1048576,1.62302e-07
runsc_ptrace,1048576,2.19418e-07
runsc_ptrace,1048576,1.70833e-07
runsc_ptrace,1048576,2.01954e-07
runsc_ptrace,1048576,2.02495e-07
runsc_ptrace,1048576,1.7589e-07
runsc_ptrace,1048576,1.88347e-07
runsc_ptrace,1048576,1.15855e-07
runsc_ptrace,1048576,1.67831e-07
runsc_ptrace,1048576,2.18798e-07
runsc_ptrace,1048576,1.2934e-07
runsc_ptrace,1048576,1.63192e-07
runsc_ptrace,1048576,2.00168e-07
runsc_ptrace,1048576,2.16206e-07
runsc_ptrace,1048576,1.86485e-07
runsc_ptrace,1048576,2.06573e-07
runsc_ptrace,1048576,2.24962e-07
runsc_ptrace,1048576,6.4513e-08
runsc_ptrace,1048576,1.8983e-07
runsc_ptrace,1048576,1.72415e-07
runsc_ptrace,1048576,2.01212e-07
runsc_ptrace,1048576,1.98207e-07
runsc_ptrace,1048576,1.60659e-07
runsc_ptrace,1048576,1.61404e-07
runsc_ptrace,1048576,8.9219e-08
runsc_ptrace,1048576,6.7229e-08
runsc_ptrace,1048576,1.70191e-07
runsc_ptrace,1048576,1.97192e-07
runsc_ptrace,1048576,2.15332e-07
runsc_ptrace,1048576,2.02071e-07
runsc_ptrace,1048576,1.83526e-07
runsc_ptrace,1048576,1.75733e-07
runsc_ptrace,1048576,1.80919e-07
runsc_ptrace,1048576,2.09122e-07
runsc_ptrace,1048576,2.08503e-07
runsc_ptrace,1048576,1.91224e-07
runsc_ptrace,1048576,2.30456e-07
runsc_ptrace,1048576,1.54495e-07
runsc_ptrace,1048576,2.11178e-07
runsc_ptrace,1048576,6.1774e-08
runsc_ptrace,1048576,1.85791e-07
runsc_ptrace,1048576,1.80651e-07
runsc_ptrace,1048576,1.98032e-07
runsc_ptrace,1048576,1.86514e-07
runsc_ptrace,1048576,2.02778e-07
runsc_ptrace,1048576,1.95171e-07
runsc_ptrace,1048576,1.84845e-07
runsc_ptrace,1048576,2.15484e-07
runsc_ptrace,1048576,1.23403e-07
runsc_ptrace,1048576,2.24887e-07
runsc_ptrace,1048576,1.03485e-07
runsc_ptrace,1048576,1.89912e-07
runsc_ptrace,1048576,1.87505e-07
runsc_kvm,4096,1.05373e-07
runsc_kvm,4096,6.6326e-08
runsc_kvm,4096,9.8238e-08
runsc_kvm,4096,9.5825e-08
runsc_kvm,4096,2.53969e-07
runsc_kvm,4096,4.8842e-08
runsc_kvm,4096,9.1974e-08
runsc_kvm,4096,9.7094e-08
runsc_kvm,4096,1.12748e-07
runsc_kvm,4096,4.9626e-08
runsc_kvm,4096,9.8444e-08
runsc_kvm,4096,9.7729e-08
runsc_kvm,4096,9.0231e-08
runsc_kvm,4096,1.20421e-07
runsc_kvm,4096,1.01259e-07
runsc_kvm,4096,9.7048e-08
runsc_kvm,4096,1.03239e-07
runsc_kvm,4096,7.8943e-08
runsc_kvm,4096,9.715e-08
runsc_kvm,4096,2.6236e-08
runsc_kvm,4096,9.5353e-08
runsc_kvm,4096,7.9836e-08
runsc_kvm,4096,4.8838e-08
runsc_kvm,4096,4.7768e-08
runsc_kvm,4096,8.0788e-08
runsc_kvm,4096,6.353e-08
runsc_kvm,4096,3.1217e-08
runsc_kvm,4096,3.8196e-08
runsc_kvm,4096,1.01976e-07
runsc_kvm,4096,6.6816e-08
runsc_kvm,4096,1.15445e-07
runsc_kvm,4096,8.8992e-08
runsc_kvm,4096,1.19252e-07
runsc_kvm,4096,1.08377e-07
runsc_kvm,4096,8.5453e-08
runsc_kvm,4096,5.8717e-08
runsc_kvm,4096,7.4474e-08
runsc_kvm,4096,1.09101e-07
runsc_kvm,4096,4.1389e-08
runsc_kvm,4096,4.3817e-08
runsc_kvm,4096,2.6561e-08
runsc_kvm,4096,1.14172e-07
runsc_kvm,4096,4.5245e-08
runsc_kvm,4096,8.3575e-08
runsc_kvm,4096,7.1349e-08
runsc_kvm,4096,7.9029e-08
runsc_kvm,4096,7.4928e-08
runsc_kvm,4096,1.30276e-07
runsc_kvm,4096,1.18786e-07
runsc_kvm,4096,7.8203e-08
runsc_kvm,4096,4.202e-08
runsc_kvm,4096,1.10296e-07
runsc_kvm,4096,8.8834e-08
runsc_kvm,4096,3.9996e-08
runsc_kvm,4096,1.11081e-07
runsc_kvm,4096,2.8489e-08
runsc_kvm,4096,5.6262e-08
runsc_kvm,4096,1.25761e-07
runsc_kvm,4096,5.7756e-08
runsc_kvm,4096,6.3132e-08
runsc_kvm,4096,1.20405e-07
runsc_kvm,4096,1.12702e-07
runsc_kvm,4096,6.0788e-08
runsc_kvm,4096,5.9174e-08
runsc_kvm,4096,2.6802e-08
runsc_kvm,4096,8.3572e-08
runsc_kvm,4096,5.6639e-08
runsc_kvm,4096,3.9694e-08
runsc_kvm,4096,5.3929e-08
runsc_kvm,4096,8.6273e-08
runsc_kvm,4096,9.8693e-08
runsc_kvm,4096,4.8053e-08
runsc_kvm,4096,3.0201e-08
runsc_kvm,4096,5.5043e-08
runsc_kvm,4096,1.14865e-07
runsc_kvm,4096,5.7143e-08
runsc_kvm,4096,3.7228e-08
runsc_kvm,4096,1.33494e-07
runsc_kvm,4096,1.03235e-07
runsc_kvm,4096,6.6147e-08
runsc_kvm,4096,9.5525e-08
runsc_kvm,4096,8.4047e-08
runsc_kvm,4096,7.2858e-08
runsc_kvm,4096,9.6502e-08
runsc_kvm,4096,1.07141e-07
runsc_kvm,4096,1.05246e-07
runsc_kvm,4096,9.7966e-08
runsc_kvm,4096,9.5902e-08
runsc_kvm,4096,8.1757e-08
runsc_kvm,4096,9.605e-08
runsc_kvm,4096,1.31704e-07
runsc_kvm,4096,9.6053e-08
runsc_kvm,4096,9.6794e-08
runsc_kvm,4096,5.4402e-08
runsc_kvm,4096,9.3666e-08
runsc_kvm,4096,9.6115e-08
runsc_kvm,4096,1.00048e-07
runsc_kvm,4096,9.8255e-08
runsc_kvm,4096,1.02724e-07
runsc_kvm,4096,1.15008e-07
runsc_kvm,16384,1.07035e-07
runsc_kvm,16384,1.00548e-07
runsc_kvm,16384,9.4965e-08
runsc_kvm,16384,9.4301e-08
runsc_kvm,16384,5.7032e-08
runsc_kvm,16384,9.6086e-08
runsc_kvm,16384,9.699e-08
runsc_kvm,16384,9.6509e-08
runsc_kvm,16384,8.7644e-08
runsc_kvm,16384,1.32267e-07
runsc_kvm,16384,6.7468e-08
runsc_kvm,16384,2.33144e-07
runsc_kvm,16384,9.7653e-08
runsc_kvm,16384,1.28277e-07
runsc_kvm,16384,9.5861e-08
runsc_kvm,16384,7.7771e-08
runsc_kvm,16384,1.24963e-07
runsc_kvm,16384,9.8859e-08
runsc_kvm,16384,1.75077e-07
runsc_kvm,16384,1.4104e-07
runsc_kvm,16384,1.09542e-07
runsc_kvm,16384,7.3884e-08
runsc_kvm,16384,1.33326e-07
runsc_kvm,16384,1.00545e-07
runsc_kvm,16384,5.7374e-08
runsc_kvm,16384,3.9882e-08
runsc_kvm,16384,1.16748e-07
runsc_kvm,16384,7.6415e-08
runsc_kvm,16384,1.10032e-07
runsc_kvm,16384,1.01415e-07
runsc_kvm,16384,9.7735e-08
runsc_kvm,16384,1.06372e-07
runsc_kvm,16384,1.00206e-07
runsc_kvm,16384,1.19489e-07
runsc_kvm,16384,1.17634e-07
runsc_kvm,16384,5.3932e-08
runsc_kvm,16384,8.06e-08
runsc_kvm,16384,6.1453e-08
runsc_kvm,16384,1.09077e-07
runsc_kvm,16384,9.8908e-08
runsc_kvm,16384,9.8648e-08
runsc_kvm,16384,1.65602e-07
runsc_kvm,16384,9.5886e-08
runsc_kvm,16384,9.639e-08
runsc_kvm,16384,9.7431e-08
runsc_kvm,16384,9.9003e-08
runsc_kvm,16384,5.0717e-08
runsc_kvm,16384,9.7314e-08
runsc_kvm,16384,2.5844e-08
runsc_kvm,16384,7.8199e-08
runsc_kvm,16384,9.5548e-08
runsc_kvm,16384,9.4631e-08
runsc_kvm,16384,2.7957e-08
runsc_kvm,16384,5.8243e-08
runsc_kvm,16384,5.3203e-08
runsc_kvm,16384,9.978e-08
runsc_kvm,16384,9.6644e-08
runsc_kvm,16384,9.7038e-08
runsc_kvm,16384,9.5317e-08
runsc_kvm,16384,9.7418e-08
runsc_kvm,16384,9.5793e-08
runsc_kvm,16384,9.6355e-08
runsc_kvm,16384,9.6136e-08
runsc_kvm,16384,1.00336e-07
runsc_kvm,16384,7.4531e-08
runsc_kvm,16384,9.7877e-08
runsc_kvm,16384,1.01408e-07
runsc_kvm,16384,9.6224e-08
runsc_kvm,16384,9.785e-08
runsc_kvm,16384,9.5215e-08
runsc_kvm,16384,9.68e-08
runsc_kvm,16384,9.6018e-08
runsc_kvm,16384,9.5904e-08
runsc_kvm,16384,9.4792e-08
runsc_kvm,16384,1.00949e-07
runsc_kvm,16384,9.7239e-08
runsc_kvm,16384,9.7153e-08
runsc_kvm,16384,1.09957e-07
runsc_kvm,16384,2.6008e-08
runsc_kvm,16384,9.9582e-08
runsc_kvm,16384,9.7476e-08
runsc_kvm,16384,9.5039e-08
runsc_kvm,16384,9.4794e-08
runsc_kvm,16384,1.32995e-07
runsc_kvm,16384,9.578e-08
runsc_kvm,16384,9.6172e-08
runsc_kvm,16384,9.5641e-08
runsc_kvm,16384,1.00424e-07
runsc_kvm,16384,9.6586e-08
runsc_kvm,16384,9.6683e-08
runsc_kvm,16384,9.6554e-08
runsc_kvm,16384,1.04887e-07
runsc_kvm,16384,9.5825e-08
runsc_kvm,16384,9.594e-08
runsc_kvm,16384,9.6044e-08
runsc_kvm,16384,1.12086e-07
runsc_kvm,16384,9.4402e-08
runsc_kvm,16384,9.5959e-08
runsc_kvm,16384,9.4814e-08
runsc_kvm,16384,9.6703e-08
runsc_kvm,65536,9.6638e-08
runsc_kvm,65536,9.5931e-08
runsc_kvm,65536,9.881e-08
runsc_kvm,65536,9.6039e-08
runsc_kvm,65536,9.603e-08
runsc_kvm,65536,9.5445e-08
runsc_kvm,65536,1.10581e-07
runsc_kvm,65536,9.5606e-08
runsc_kvm,65536,9.689e-08
runsc_kvm,65536,9.6493e-08
runsc_kvm,65536,1.01975e-07
runsc_kvm,65536,9.6509e-08
runsc_kvm,65536,9.7621e-08
runsc_kvm,65536,9.5557e-08
runsc_kvm,65536,9.4421e-08
runsc_kvm,65536,9.7099e-08
runsc_kvm,65536,9.5842e-08
runsc_kvm,65536,9.806e-08
runsc_kvm,65536,9.7134e-08
runsc_kvm,65536,9.6824e-08
runsc_kvm,65536,9.5084e-08
runsc_kvm,65536,9.72e-08
runsc_kvm,65536,9.5503e-08
runsc_kvm,65536,9.558e-08
runsc_kvm,65536,8.5406e-08
runsc_kvm,65536,9.4515e-08
runsc_kvm,65536,9.6802e-08
runsc_kvm,65536,9.8648e-08
runsc_kvm,65536,1.01733e-07
runsc_kvm,65536,9.6188e-08
runsc_kvm,65536,9.8111e-08
runsc_kvm,65536,9.7996e-08
runsc_kvm,65536,9.6299e-08
runsc_kvm,65536,9.8096e-08
runsc_kvm,65536,9.6291e-08
runsc_kvm,65536,9.7144e-08
runsc_kvm,65536,9.5326e-08
runsc_kvm,65536,9.9018e-08
runsc_kvm,65536,9.974e-08
runsc_kvm,65536,2.5618e-08
runsc_kvm,65536,1.00374e-07
runsc_kvm,65536,9.9739e-08
runsc_kvm,65536,9.6903e-08
runsc_kvm,65536,9.5316e-08
runsc_kvm,65536,9.925e-08
runsc_kvm,65536,9.6735e-08
runsc_kvm,65536,9.5663e-08
runsc_kvm,65536,9.7088e-08
runsc_kvm,65536,9.7052e-08
runsc_kvm,65536,9.6921e-08
runsc_kvm,65536,9.4987e-08
runsc_kvm,65536,9.6525e-08
runsc_kvm,65536,9.542e-08
runsc_kvm,65536,9.6224e-08
runsc_kvm,65536,9.5705e-08
runsc_kvm,65536,1.19566e-07
runsc_kvm,65536,9.6195e-08
runsc_kvm,65536,9.9577e-08
runsc_kvm,65536,9.852e-08
runsc_kvm,65536,9.6311e-08
runsc_kvm,65536,9.654e-08
runsc_kvm,65536,9.7408e-08
runsc_kvm,65536,9.4401e-08
runsc_kvm,65536,4.8667e-08
runsc_kvm,65536,9.7946e-08
runsc_kvm,65536,9.5114e-08
runsc_kvm,65536,9.5943e-08
runsc_kvm,65536,9.5278e-08
runsc_kvm,65536,1.00645e-07
runsc_kvm,65536,9.6471e-08
runsc_kvm,65536,9.9134e-08
runsc_kvm,65536,5.8433e-08
runsc_kvm,65536,9.5588e-08
runsc_kvm,65536,9.8541e-08
runsc_kvm,65536,9.9006e-08
runsc_kvm,65536,9.8738e-08
runsc_kvm,65536,1.00127e-07
runsc_kvm,65536,1.03484e-07
runsc_kvm,65536,1.00944e-07
runsc_kvm,65536,1.0486e-07
runsc_kvm,65536,9.0658e-08
runsc_kvm,65536,1.02109e-07
runsc_kvm,65536,1.05298e-07
runsc_kvm,65536,1.22192e-07
runsc_kvm,65536,8.4803e-08
runsc_kvm,65536,2.8697e-08
runsc_kvm,65536,4.6684e-08
runsc_kvm,65536,4.4587e-08
runsc_kvm,65536,1.06158e-07
runsc_kvm,65536,9.5781e-08
runsc_kvm,65536,2.5139e-08
runsc_kvm,65536,1.13856e-07
runsc_kvm,65536,6.1804e-08
runsc_kvm,65536,4.6482e-08
runsc_kvm,65536,9.8225e-08
runsc_kvm,65536,5.585e-08
runsc_kvm,65536,9.5814e-08
runsc_kvm,65536,5.8413e-08
runsc_kvm,65536,1.09016e-07
runsc_kvm,65536,2.6404e-08
runsc_kvm,262144,1.06319e-07
runsc_kvm,262144,1.06535e-07
runsc_kvm,262144,9.4719e-08
runsc_kvm,262144,4.2254e-08
runsc_kvm,262144,5.9344e-08
runsc_kvm,262144,1.03894e-07
runsc_kvm,262144,9.7429e-08
runsc_kvm,262144,9.8992e-08
runsc_kvm,262144,9.6458e-08
runsc_kvm,262144,9.6672e-08
runsc_kvm,262144,9.9712e-08
runsc_kvm,262144,9.5054e-08
runsc_kvm,262144,9.7037e-08
runsc_kvm,262144,1.01526e-07
runsc_kvm,262144,9.7447e-08
runsc_kvm,262144,9.6956e-08
runsc_kvm,262144,9.5407e-08
runsc_kvm,262144,1.00062e-07
runsc_kvm,262144,9.6632e-08
runsc_kvm,262144,9.8197e-08
runsc_kvm,262144,9.455e-08
runsc_kvm,262144,9.7768e-08
runsc_kvm,262144,9.6914e-08
runsc_kvm,262144,5.1617e-08
runsc_kvm,262144,9.8462e-08
runsc_kvm,262144,9.9012e-08
runsc_kvm,262144,6.2948e-08
runsc_kvm,262144,9.6036e-08
runsc_kvm,262144,9.5264e-08
runsc_kvm,262144,9.9632e-08
runsc_kvm,262144,9.7561e-08
runsc_kvm,262144,9.4857e-08
runsc_kvm,262144,9.5261e-08
runsc_kvm,262144,1.001e-07
runsc_kvm,262144,9.8387e-08
runsc_kvm,262144,9.53e-08
runsc_kvm,262144,9.7831e-08
runsc_kvm,262144,9.7385e-08
runsc_kvm,262144,9.7907e-08
runsc_kvm,262144,9.5249e-08
runsc_kvm,262144,7.8807e-08
runsc_kvm,262144,9.6021e-08
runsc_kvm,262144,9.6447e-08
runsc_kvm,262144,9.2377e-08
runsc_kvm,262144,2.5403e-08
runsc_kvm,262144,6.5921e-08
runsc_kvm,262144,9.6415e-08
runsc_kvm,262144,1.01899e-07
runsc_kvm,262144,9.7403e-08
runsc_kvm,262144,6.197e-08
runsc_kvm,262144,9.7245e-08
runsc_kvm,262144,9.6016e-08
runsc_kvm,262144,9.5503e-08
runsc_kvm,262144,9.8912e-08
runsc_kvm,262144,9.9796e-08
runsc_kvm,262144,9.9118e-08
runsc_kvm,262144,9.7138e-08
runsc_kvm,262144,9.7017e-08
runsc_kvm,262144,9.684e-08
runsc_kvm,262144,1.0488e-07
runsc_kvm,262144,9.5014e-08
runsc_kvm,262144,9.8039e-08
runsc_kvm,262144,1.00946e-07
runsc_kvm,262144,2.7473e-08
runsc_kvm,262144,9.691e-08
runsc_kvm,262144,9.6284e-08
runsc_kvm,262144,1.06465e-07
runsc_kvm,262144,9.499e-08
runsc_kvm,262144,9.117e-08
runsc_kvm,262144,9.632e-08
runsc_kvm,262144,1.08793e-07
runsc_kvm,262144,9.8561e-08
runsc_kvm,262144,9.622e-08
runsc_kvm,262144,9.623e-08
runsc_kvm,262144,9.7609e-08
runsc_kvm,262144,9.6828e-08
runsc_kvm,262144,9.5976e-08
runsc_kvm,262144,9.803e-08
runsc_kvm,262144,9.6472e-08
runsc_kvm,262144,9.4986e-08
runsc_kvm,262144,9.6631e-08
runsc_kvm,262144,9.7692e-08
runsc_kvm,262144,9.5097e-08
runsc_kvm,262144,9.8068e-08
runsc_kvm,262144,9.6551e-08
runsc_kvm,262144,9.8626e-08
runsc_kvm,262144,9.9356e-08
runsc_kvm,262144,9.6577e-08
runsc_kvm,262144,9.7514e-08
runsc_kvm,262144,9.6347e-08
runsc_kvm,262144,9.6177e-08
runsc_kvm,262144,9.7269e-08
runsc_kvm,262144,9.6469e-08
runsc_kvm,262144,1.0132e-07
runsc_kvm,262144,1.00838e-07
runsc_kvm,262144,9.459e-08
runsc_kvm,262144,1.00407e-07
runsc_kvm,262144,9.6929e-08
runsc_kvm,262144,9.9825e-08
runsc_kvm,262144,1.02318e-07
runsc_kvm,1048576,9.6314e-08
runsc_kvm,1048576,9.7443e-08
runsc_kvm,1048576,9.6943e-08
runsc_kvm,1048576,9.6186e-08
runsc_kvm,1048576,9.8191e-08
runsc_kvm,1048576,9.6058e-08
runsc_kvm,1048576,2.5601e-08
runsc_kvm,1048576,1.39338e-07
runsc_kvm,1048576,9.8714e-08
runsc_kvm,1048576,9.6355e-08
runsc_kvm,1048576,9.6751e-08
runsc_kvm,1048576,1.0164e-07
runsc_kvm,1048576,9.5569e-08
runsc_kvm,1048576,9.5608e-08
runsc_kvm,1048576,1.06354e-07
runsc_kvm,1048576,9.5734e-08
runsc_kvm,1048576,9.7446e-08
runsc_kvm,1048576,9.3998e-08
runsc_kvm,1048576,9.5397e-08
runsc_kvm,1048576,9.6629e-08
runsc_kvm,1048576,9.5223e-08
runsc_kvm,1048576,9.2924e-08
runsc_kvm,1048576,3.8956e-08
runsc_kvm,1048576,9.799e-08
runsc_kvm,1048576,9.5767e-08
runsc_kvm,1048576,2.5135e-08
runsc_kvm,1048576,1.10015e-07
runsc_kvm,1048576,9.8434e-08
runsc_kvm,1048576,9.7461e-08
runsc_kvm,1048576,9.5767e-08
runsc_kvm,1048576,9.6409e-08
runsc_kvm,1048576,9.978e-08
runsc_kvm,1048576,9.8074e-08
runsc_kvm,1048576,9.6355e-08
runsc_kvm,1048576,9.5793e-08
runsc_kvm,1048576,9.6661e-08
runsc_kvm,1048576,9.611e-08
runsc_kvm,1048576,9.7585e-08
runsc_kvm,1048576,9.9554e-08
runsc_kvm,1048576,9.8737e-08
runsc_kvm,1048576,9.8222e-08
runsc_kvm,1048576,9.5291e-08
runsc_kvm,1048576,9.4645e-08
runsc_kvm,1048576,9.808e-08
runsc_kvm,1048576,9.7843e-08
runsc_kvm,1048576,9.5864e-08
runsc_kvm,1048576,1.23025e-07
runsc_kvm,1048576,9.7623e-08
runsc_kvm,1048576,9.5965e-08
runsc_kvm,1048576,9.7546e-08
runsc_kvm,1048576,9.7295e-08
runsc_kvm,1048576,1.03358e-07
runsc_kvm,1048576,9.417e-08
runsc_kvm,1048576,2.7861e-08
runsc_kvm,1048576,9.5681e-08
runsc_kvm,1048576,9.7172e-08
runsc_kvm,1048576,9.6463e-08
runsc_kvm,1048576,9.7747e-08
runsc_kvm,1048576,9.6621e-08
runsc_kvm,1048576,1.00547e-07
runsc_kvm,1048576,9.753e-08
runsc_kvm,1048576,1.00108e-07
runsc_kvm,1048576,9.6865e-08
runsc_kvm,1048576,9.8894e-08
runsc_kvm,1048576,9.6738e-08
runsc_kvm,1048576,9.8424e-08
runsc_kvm,1048576,9.9092e-08
runsc_kvm,1048576,9.733e-08
runsc_kvm,1048576,9.6366e-08
runsc_kvm,1048576,9.8975e-08
runsc_kvm,1048576,9.6949e-08
runsc_kvm,1048576,9.5648e-08
runsc_kvm,1048576,9.6926e-08
runsc_kvm,1048576,9.8429e-08
runsc_kvm,1048576,1.0153e-07
runsc_kvm,1048576,9.8463e-08
runsc_kvm,1048576,9.8743e-08
runsc_kvm,1048576,9.649e-08
runsc_kvm,1048576,9.6732e-08
runsc_kvm,1048576,9.5052e-08
runsc_kvm,1048576,1.33514e-07
runsc_kvm,1048576,9.7218e-08
runsc_kvm,1048576,9.6239e-08
runsc_kvm,1048576,9.5122e-08
runsc_kvm,1048576,9.5878e-08
runsc_kvm,1048576,9.5832e-08
runsc_kvm,1048576,9.5926e-08
runsc_kvm,1048576,1.01591e-07
runsc_kvm,1048576,9.7524e-08
runsc_kvm,1048576,9.7618e-08
runsc_kvm,1048576,9.7302e-08
runsc_kvm,1048576,9.4696e-08
runsc_kvm,1048576,9.6212e-08
runsc_kvm,1048576,9.5145e-08
runsc_kvm,1048576,9.8064e-08
runsc_kvm,1048576,3.1381e-08
runsc_kvm,1048576,9.5375e-08
runsc_kvm,1048576,9.8318e-08
runsc_kvm,1048576,9.807e-08
runsc_kvm,1048576,9.8815e-08
kata,4096,2.6064e-08
kata,4096,2.9237e-08
kata,4096,2.6461e-08
kata,4096,2.6223e-08
kata,4096,2.7356e-08
kata,4096,2.6159e-08
kata,4096,2.6573e-08
kata,4096,2.5833e-08
kata,4096,2.4089e-08
kata,4096,2.5563e-08
kata,4096,2.629e-08
kata,4096,2.7288e-08
kata,4096,2.6688e-08
kata,4096,2.5382e-08
kata,4096,2.6367e-08
kata,4096,2.5831e-08
kata,4096,2.5464e-08
kata,4096,2.5313e-08
kata,4096,2.6752e-08
kata,4096,2.5629e-08
kata,4096,2.9885e-08
kata,4096,2.5931e-08
kata,4096,2.4692e-08
kata,4096,2.552e-08
kata,4096,2.6955e-08
kata,4096,2.6549e-08
kata,4096,2.5983e-08
kata,4096,2.5274e-08
kata,4096,2.6154e-08
kata,4096,2.5495e-08
kata,4096,2.4997e-08
kata,4096,2.5476e-08
kata,4096,2.7702e-08
kata,4096,2.592e-08
kata,4096,2.6481e-08
kata,4096,2.5948e-08
kata,4096,2.5121e-08
kata,4096,2.5588e-08
kata,4096,2.5185e-08
kata,4096,2.6178e-08
kata,4096,2.4758e-08
kata,4096,4.9802e-08
kata,4096,2.5894e-08
kata,4096,2.4781e-08
kata,4096,2.5528e-08
kata,4096,2.6434e-08
kata,4096,3.7333e-08
kata,4096,2.5849e-08
kata,4096,2.6017e-08
kata,4096,2.8727e-08
kata,4096,2.5285e-08
kata,4096,2.758e-08
kata,4096,2.6362e-08
kata,4096,2.6242e-08
kata,4096,2.4834e-08
kata,4096,2.5928e-08
kata,4096,2.537e-08
kata,4096,2.6423e-08
kata,4096,2.5978e-08
kata,4096,2.5973e-08
kata,4096,2.5467e-08
kata,4096,2.5409e-08
kata,4096,5.3251e-08
kata,4096,2.5285e-08
kata,4096,2.5234e-08
kata,4096,5.0189e-08
kata,4096,2.6139e-08
kata,4096,2.6959e-08
kata,4096,2.6339e-08
kata,4096,2.5838e-08
kata,4096,2.6301e-08
kata,4096,5.2285e-08
kata,4096,2.5473e-08
kata,4096,2.7169e-08
kata,4096,2.6046e-08
kata,4096,2.5393e-08
kata,4096,2.4506e-08
kata,4096,2.5335e-08
kata,4096,2.592e-08
kata,4096,2.6821e-08
kata,4096,2.7339e-08
kata,4096,3.1069e-08
kata,4096,2.6276e-08
kata,4096,2.6548e-08
kata,4096,2.5314e-08
kata,4096,2.7108e-08
kata,4096,2.5284e-08
kata,4096,2.5535e-08
kata,4096,2.432e-08
kata,4096,2.8118e-08
kata,4096,2.5496e-08
kata,4096,2.5369e-08
kata,4096,5.038e-08
kata,4096,2.5896e-08
kata,4096,2.5646e-08
kata,4096,2.6482e-08
kata,4096,2.4923e-08
kata,4096,2.5079e-08
kata,4096,2.6015e-08
kata,4096,2.552e-08
kata,16384,2.5905e-08
kata,16384,2.5162e-08
kata,16384,2.6089e-08
kata,16384,2.4905e-08
kata,16384,2.5558e-08
kata,16384,2.621e-08
kata,16384,2.6161e-08
kata,16384,2.6555e-08
kata,16384,2.4966e-08
kata,16384,2.5511e-08
kata,16384,2.7273e-08
kata,16384,3.0261e-08
kata,16384,2.4675e-08
kata,16384,2.5342e-08
kata,16384,2.5857e-08
kata,16384,2.6163e-08
kata,16384,2.7768e-08
kata,16384,2.738e-08
kata,16384,2.5532e-08
kata,16384,2.598e-08
kata,16384,2.5307e-08
kata,16384,2.5684e-08
kata,16384,2.5747e-08
kata,16384,2.6428e-08
kata,16384,4.9765e-08
kata,16384,5.0706e-08
kata,16384,2.4896e-08
kata,16384,2.5737e-08
kata,16384,2.6115e-08
kata,16384,2.6714e-08
kata,16384,2.8154e-08
kata,16384,5.027e-08
kata,16384,3.1641e-08
kata,16384,2.5397e-08
kata,16384,2.6139e-08
kata,16384,5.4236e-08
kata,16384,2.5874e-08
kata,16384,2.5008e-08
kata,16384,2.6203e-08
kata,16384,2.5691e-08
kata,16384,2.6235e-08
kata,16384,2.823e-08
kata,16384,2.5789e-08
kata,16384,2.5588e-08
kata,16384,2.683e-08
kata,16384,2.5318e-08
kata,16384,2.4766e-08
kata,16384,2.5799e-08
kata,16384,2.8256e-08
kata,16384,2.5228e-08
kata,16384,2.5559e-08
kata,16384,2.4888e-08
kata,16384,2.4402e-08
kata,16384,2.5245e-08
kata,16384,2.5686e-08
kata,16384,2.7517e-08
kata,16384,2.7466e-08
kata,16384,2.5306e-08
kata,16384,3.5835e-08
kata,16384,5.3936e-08
kata,16384,4.5215e-08
kata,16384,2.7026e-08
kata,16384,2.6618e-08
kata,16384,2.731e-08
kata,16384,2.6719e-08
kata,16384,2.859e-08
kata,16384,2.5769e-08
kata,16384,4.9983e-08
kata,16384,2.638e-08
kata,16384,2.5383e-08
kata,16384,2.7313e-08
kata,16384,2.6622e-08
kata,16384,2.7444e-08
kata,16384,4.9732e-08
kata,16384,2.7036e-08
kata,16384,2.5376e-08
kata,16384,2.5196e-08
kata,16384,3.5991e-08
kata,16384,2.5581e-08
kata,16384,2.5651e-08
kata,16384,2.6395e-08
kata,16384,2.7103e-08
kata,16384,5.1964e-08
kata,16384,5.3165e-08
kata,16384,2.5351e-08
kata,16384,2.6795e-08
kata,16384,2.5303e-08
kata,16384,2.5365e-08
kata,16384,2.7568e-08
kata,16384,2.5354e-08
kata,16384,4.9581e-08
kata,16384,2.5082e-08
kata,16384,2.6637e-08
kata,16384,2.4769e-08
kata,16384,2.6351e-08
kata,16384,2.5229e-08
kata,16384,2.5242e-08
kata,16384,2.7829e-08
kata,16384,2.4881e-08
kata,16384,2.5765e-08
kata,65536,2.6405e-08
kata,65536,2.7556e-08
kata,65536,2.7142e-08
kata,65536,2.7033e-08
kata,65536,2.5211e-08
kata,65536,2.5453e-08
kata,65536,2.4829e-08
kata,65536,2.5359e-08
kata,65536,2.6907e-08
kata,65536,2.6251e-08
kata,65536,2.5834e-08
kata,65536,2.63e-08
kata,65536,2.5426e-08
kata,65536,3.3408e-08
kata,65536,2.5762e-08
kata,65536,2.6763e-08
kata,65536,2.5405e-08
kata,65536,2.8476e-08
kata,65536,2.5645e-08
kata,65536,2.5339e-08
kata,65536,2.7468e-08
kata,65536,2.575e-08
kata,65536,2.5689e-08
kata,65536,2.6988e-08
kata,65536,2.6611e-08
kata,65536,4.553e-08
kata,65536,2.5389e-08
kata,65536,2.5622e-08
kata,65536,2.5527e-08
kata,65536,2.5295e-08
kata,65536,2.6608e-08
kata,65536,2.6469e-08
kata,65536,2.6214e-08
kata,65536,2.5963e-08
kata,65536,2.9553e-08
kata,65536,2.65e-08
kata,65536,2.8143e-08
kata,65536,2.5408e-08
kata,65536,2.5342e-08
kata,65536,2.5959e-08
kata,65536,2.5969e-08
kata,65536,3.2805e-08
kata,65536,3.0428e-08
kata,65536,2.6035e-08
kata,65536,2.5485e-08
kata,65536,2.6157e-08
kata,65536,2.6698e-08
kata,65536,2.5609e-08
kata,65536,2.5185e-08
kata,65536,2.5385e-08
kata,65536,2.6978e-08
kata,65536,2.6462e-08
kata,65536,2.5032e-08
kata,65536,2.6288e-08
kata,65536,2.6863e-08
kata,65536,2.6301e-08
kata,65536,2.6204e-08
kata,65536,2.6134e-08
kata,65536,2.5318e-08
kata,65536,2.6929e-08
kata,65536,2.5893e-08
kata,65536,2.7237e-08
kata,65536,4.2652e-08
kata,65536,2.5652e-08
kata,65536,2.5337e-08
kata,65536,2.5565e-08
kata,65536,2.7038e-08
kata,65536,2.714e-08
kata,65536,2.5591e-08
kata,65536,2.549e-08
kata,65536,2.5636e-08
kata,65536,2.6055e-08
kata,65536,2.5668e-08
kata,65536,2.5017e-08
kata,65536,2.6767e-08
kata,65536,2.5893e-08
kata,65536,2.7398e-08
kata,65536,2.5881e-08
kata,65536,2.4607e-08
kata,65536,2.5388e-08
kata,65536,2.4717e-08
kata,65536,2.6193e-08
kata,65536,2.6812e-08
kata,65536,5.3997e-08
kata,65536,2.5341e-08
kata,65536,2.5589e-08
kata,65536,2.4875e-08
kata,65536,4.4697e-08
kata,65536,2.5188e-08
kata,65536,4.5459e-08
kata,65536,2.6702e-08
kata,65536,2.5882e-08
kata,65536,2.6111e-08
kata,65536,2.5326e-08
kata,65536,5.4214e-08
kata,65536,2.5471e-08
kata,65536,2.5503e-08
kata,65536,2.9308e-08
kata,65536,2.6856e-08
kata,65536,2.6739e-08
kata,262144,2.6001e-08
kata,262144,2.4832e-08
kata,262144,2.548e-08
kata,262144,2.5305e-08
kata,262144,3.7056e-08
kata,262144,2.7844e-08
kata,262144,4.8237e-08
kata,262144,2.5171e-08
kata,262144,2.5535e-08
kata,262144,2.6405e-08
kata,262144,2.5965e-08
kata,262144,2.6806e-08
kata,262144,2.6629e-08
kata,262144,2.6898e-08
kata,262144,2.5942e-08
kata,262144,3.51e-08
kata,262144,2.6883e-08
kata,262144,2.5227e-08
kata,262144,2.5065e-08
kata,262144,2.5749e-08
kata,262144,2.6597e-08
kata,262144,2.5947e-08
kata,262144,2.5335e-08
kata,262144,4.7819e-08
kata,262144,2.5647e-08
kata,262144,2.5251e-08
kata,262144,2.5904e-08
kata,262144,2.6103e-08
kata,262144,2.4982e-08
kata,262144,4.5522e-08
kata,262144,2.757e-08
kata,262144,5.0239e-08
kata,262144,2.5692e-08
kata,262144,2.7276e-08
kata,262144,2.488e-08
kata,262144,2.5164e-08
kata,262144,2.5514e-08
kata,262144,2.5461e-08
kata,262144,7.7978e-08
kata,262144,2.7651e-08
kata,262144,2.459e-08
kata,262144,2.6285e-08
kata,262144,2.517e-08
kata,262144,5.1921e-08
kata,262144,4.9944e-08
kata,262144,2.6369e-08
kata,262144,2.5608e-08
kata,262144,2.5183e-08
kata,262144,2.5416e-08
kata,262144,3.1585e-08
kata,262144,2.6091e-08
kata,262144,2.4891e-08
kata,262144,5.0733e-08
kata,262144,2.5926e-08
kata,262144,2.5507e-08
kata,262144,2.7892e-08
kata,262144,5.1548e-08
kata,262144,2.7061e-08
kata,262144,2.5284e-08
kata,262144,2.6625e-08
kata,262144,2.5027e-08
kata,262144,2.6656e-08
kata,262144,2.6461e-08
kata,262144,2.661e-08
kata,262144,5.4042e-08
kata,262144,2.7381e-08
kata,262144,2.5973e-08
kata,262144,2.6946e-08
kata,262144,2.4979e-08
kata,262144,2.6796e-08
kata,262144,4.7643e-08
kata,262144,2.6943e-08
kata,262144,2.6145e-08
kata,262144,2.7463e-08
kata,262144,2.6022e-08
kata,262144,2.5594e-08
kata,262144,2.6072e-08
kata,262144,4.6078e-08
kata,262144,2.6078e-08
kata,262144,2.4777e-08
kata,262144,2.6118e-08
kata,262144,2.548e-08
kata,262144,2.8271e-08
kata,262144,2.7298e-08
kata,262144,2.6857e-08
kata,262144,2.6145e-08
kata,262144,2.6023e-08
kata,262144,2.6651e-08
kata,262144,2.5537e-08
kata,262144,2.565e-08
kata,262144,2.5324e-08
kata,262144,2.7914e-08
kata,262144,2.5401e-08
kata,262144,2.6649e-08
kata,262144,2.5393e-08
kata,262144,2.643e-08
kata,262144,2.9356e-08
kata,262144,2.7796e-08
kata,262144,2.5454e-08
kata,262144,2.7593e-08
kata,1048576,2.4875e-08
kata,1048576,2.7485e-08
kata,1048576,2.6919e-08
kata,1048576,2.6638e-08
kata,1048576,2.6074e-08
kata,1048576,2.7511e-08
kata,1048576,2.8111e-08
kata,1048576,2.5547e-08
kata,1048576,2.5592e-08
kata,1048576,2.4643e-08
kata,1048576,2.7786e-08
kata,1048576,2.615e-08
kata,1048576,2.6408e-08
kata,1048576,2.4707e-08
kata,1048576,2.5029e-08
kata,1048576,2.6532e-08
kata,1048576,2.5661e-08
kata,1048576,2.601e-08
kata,1048576,2.6778e-08
kata,1048576,2.5699e-08
kata,1048576,4.992e-08
kata,1048576,2.6288e-08
kata,1048576,2.6987e-08
kata,1048576,2.5051e-08
kata,1048576,2.7403e-08
kata,1048576,4.116e-08
kata,1048576,4.7825e-08
kata,1048576,4.9546e-08
kata,1048576,5.0114e-08
kata,1048576,5.2673e-08
kata,1048576,5.0244e-08
kata,1048576,2.5287e-08
kata,1048576,2.5632e-08
kata,1048576,2.7613e-08
kata,1048576,2.4917e-08
kata,1048576,2.9453e-08
kata,1048576,2.6206e-08
kata,1048576,2.5999e-08
kata,1048576,2.5103e-08
kata,1048576,2.6167e-08
kata,1048576,2.6185e-08
kata,1048576,2.4968e-08
kata,1048576,2.4808e-08
kata,1048576,2.4998e-08
kata,1048576,2.5467e-08
kata,1048576,2.6137e-08
kata,1048576,2.5799e-08
kata,1048576,2.5446e-08
kata,1048576,2.5921e-08
kata,1048576,2.5697e-08
kata,1048576,2.6269e-08
kata,1048576,2.5526e-08
kata,1048576,2.5764e-08
kata,1048576,2.5237e-08
kata,1048576,2.5718e-08
kata,1048576,2.4969e-08
kata,1048576,2.7001e-08
kata,1048576,2.5717e-08
kata,1048576,2.4695e-08
kata,1048576,2.4807e-08
kata,1048576,2.572e-08
kata,1048576,2.4928e-08
kata,1048576,2.7063e-08
kata,1048576,2.6925e-08
kata,1048576,2.5204e-08
kata,1048576,2.5405e-08
kata,1048576,2.639e-08
kata,1048576,2.7069e-08
kata,1048576,2.5287e-08
kata,1048576,2.6451e-08
kata,1048576,2.6841e-08
kata,1048576,2.5324e-08
kata,1048576,2.5276e-08
kata,1048576,2.8134e-08
kata,1048576,2.5075e-08
kata,1048576,4.3517e-08
kata,1048576,2.5012e-08
kata,1048576,2.5773e-08
kata,1048576,2.601e-08
kata,1048576,2.8356e-08
kata,1048576,2.736e-08
kata,1048576,2.5351e-08
kata,1048576,2.4925e-08
kata,1048576,2.5039e-08
kata,1048576,2.5623e-08
kata,1048576,2.4879e-08
kata,1048576,2.6407e-08
kata,1048576,2.7189e-08
kata,1048576,2.4927e-08
kata,1048576,2.704e-08
kata,1048576,2.5951e-08
kata,1048576,2.6298e-08
kata,1048576,2.6252e-08
kata,1048576,2.606e-08
kata,1048576,5.2368e-08
kata,1048576,2.5305e-08
kata,1048576,4.9591e-08
kata,1048576,2.5029e-08
kata,1048576,2.5138e-08
kata,1048576,2.7045e-08