bare,4096,1.252929e-06
bare,4096,1.297097e-06
bare,4096,1.245656e-06
bare,4096,1.531896e-06
bare,4096,1.449715e-06
bare,4096,1.443441e-06
bare,4096,1.461679e-06
bare,4096,1.304868e-06
bare,4096,1.535389e-06
bare,4096,1.33716e-06
bare,4096,1.558912e-06
bare,4096,1.447783e-06
bare,4096,1.241221e-06
bare,4096,1.317885e-06
bare,4096,1.358491e-06
bare,4096,1.245235e-06
bare,4096,1.382956e-06
bare,4096,1.234367e-06
bare,4096,1.301423e-06
bare,4096,1.503865e-06
bare,4096,1.532417e-06
bare,4096,1.518186e-06
bare,4096,1.322342e-06
bare,4096,1.49135e-06
bare,4096,1.531847e-06
bare,4096,1.467908e-06
bare,4096,1.440762e-06
bare,4096,1.322753e-06
bare,4096,1.327615e-06
bare,4096,1.363512e-06
bare,4096,1.438837e-06
bare,4096,1.298242e-06
bare,4096,1.319873e-06
bare,4096,1.517245e-06
bare,4096,1.433595e-06
bare,4096,1.41543e-06
bare,4096,1.469105e-06
bare,4096,1.265534e-06
bare,4096,1.577068e-06
bare,4096,1.285556e-06
bare,4096,1.263725e-06
bare,4096,1.399932e-06
bare,4096,1.417003e-06
bare,4096,1.309182e-06
bare,4096,1.513774e-06
bare,4096,1.258417e-06
bare,4096,1.386274e-06
bare,4096,1.283462e-06
bare,4096,1.408128e-06
bare,4096,1.597266e-06
bare,4096,1.643685e-06
bare,4096,1.599845e-06
bare,4096,1.318847e-06
bare,4096,1.417596e-06
bare,4096,1.294399e-06
bare,4096,1.274774e-06
bare,4096,1.307586e-06
bare,4096,1.271248e-06
bare,4096,1.489715e-06
bare,4096,1.37466e-06
bare,4096,1.275981e-06
bare,4096,1.478958e-06
bare,4096,1.313265e-06
bare,4096,1.278833e-06
bare,4096,1.219643e-06
bare,4096,1.63433e-06
bare,4096,1.408678e-06
bare,4096,1.391009e-06
bare,4096,1.422104e-06
bare,4096,1.387798e-06
bare,4096,1.615358e-06
bare,4096,1.447985e-06
bare,4096,1.309547e-06
bare,4096,1.461655e-06
bare,4096,1.369352e-06
bare,4096,1.338202e-06
bare,4096,1.523551e-06
bare,4096,1.432924e-06
bare,4096,1.596774e-06
bare,4096,1.28271e-06
bare,4096,1.458621e-06
bare,4096,1.568664e-06
bare,4096,1.471639e-06
bare,4096,1.426459e-06
bare,4096,1.538427e-06
bare,4096,1.540934e-06
bare,4096,1.254988e-06
bare,4096,1.453863e-06
bare,4096,1.42577e-06
bare,4096,1.362411e-06
bare,4096,1.402874e-06
bare,4096,1.530559e-06
bare,4096,1.415664e-06
bare,4096,1.426079e-06
bare,4096,1.323102e-06
bare,4096,1.412274e-06
bare,4096,1.366287e-06
bare,4096,1.414879e-06
bare,4096,1.407004e-06
bare,4096,1.45509e-06
bare,16384,3.738023e-06
bare,16384,3.787505e-06
bare,16384,3.49219e-06
bare,16384,3.801169e-06
bare,16384,3.722982e-06
bare,16384,3.553811e-06
bare,16384,3.676059e-06
bare,16384,3.586576e-06
bare,16384,3.488541e-06
bare,16384,3.60029e-06
bare,16384,3.473629e-06
bare,16384,3.77984e-06
bare,16384,3.511302e-06
bare,16384,3.442301e-06
bare,16384,3.537492e-06
bare,16384,3.561497e-06
bare,16384,3.552427e-06
bare,16384,3.473637e-06
bare,16384,3.422085e-06
bare,16384,3.479931e-06
bare,16384,3.480317e-06
bare,16384,3.58129e-06
bare,16384,3.51506e-06
bare,16384,3.484733e-06
bare,16384,3.550216e-06
bare,16384,3.477911e-06
bare,16384,3.465002e-06
bare,16384,3.557183e-06
bare,16384,3.545942e-06
bare,16384,3.658652e-06
bare,16384,3.497685e-06
bare,16384,3.552364e-06
bare,16384,3.586936e-06
bare,16384,3.785478e-06
bare,16384,3.66985e-06
bare,16384,3.567936e-06
bare,16384,3.5687e-06
bare,16384,3.597876e-06
bare,16384,3.623148e-06
bare,16384,3.632612e-06
bare,16384,3.493764e-06
bare,16384,3.675981e-06
bare,16384,3.439255e-06
bare,16384,3.513236e-06
bare,16384,3.671433e-06
bare,16384,3.418396e-06
bare,16384,3.422775e-06
bare,16384,3.399866e-06
bare,16384,3.507284e-06
bare,16384,3.572479e-06
bare,16384,3.642063e-06
bare,16384,3.560239e-06
bare,16384,3.640798e-06
bare,16384,3.633512e-06
bare,16384,3.545941e-06
bare,16384,3.416231e-06
bare,16384,3.556223e-06
bare,16384,3.497941e-06
bare,16384,3.56177e-06
bare,16384,3.451893e-06
bare,16384,3.489302e-06
bare,16384,3.469465e-06
bare,16384,3.612219e-06
bare,16384,3.533762e-06
bare,16384,3.682055e-06
bare,16384,3.695144e-06
bare,16384,3.674202e-06
bare,16384,3.773968e-06
bare,16384,3.588067e-06
bare,16384,3.766957e-06
bare,16384,3.633596e-06
bare,16384,3.495209e-06
bare,16384,3.485774e-06
bare,16384,3.557512e-06
bare,16384,3.486616e-06
bare,16384,3.508233e-06
bare,16384,3.596711e-06
bare,16384,3.543716e-06
bare,16384,3.454008e-06
bare,16384,3.777982e-06
bare,16384,3.503106e-06
bare,16384,3.404249e-06
bare,16384,3.508173e-06
bare,16384,3.788025e-06
bare,16384,3.712696e-06
bare,16384,3.465449e-06
bare,16384,3.743651e-06
bare,16384,3.600432e-06
bare,16384,3.57478e-06
bare,16384,3.466526e-06
bare,16384,3.437552e-06
bare,16384,3.475289e-06
bare,16384,3.606817e-06
bare,16384,3.544123e-06
bare,16384,3.435138e-06
bare,16384,3.626942e-06
bare,16384,3.646781e-06
bare,16384,3.733917e-06
bare,16384,3.641156e-06
bare,16384,3.576528e-06
bare,65536,1.2786014e-05
bare,65536,1.3102817e-05
bare,65536,1.5316433e-05
bare,65536,1.3339304e-05
bare,65536,1.3778891e-05
bare,65536,1.3242752e-05
bare,65536,1.2214827e-05
bare,65536,1.3792413e-05
bare,65536,1.4717808e-05
bare,65536,1.3835001e-05
bare,65536,1.2974063e-05
bare,65536,1.3154756e-05
bare,65536,1.3760073e-05
bare,65536,1.3884534e-05
bare,65536,1.3326296e-05
bare,65536,1.5530683e-05
bare,65536,1.3307674e-05
bare,65536,1.3410541e-05
bare,65536,1.3669357e-05
bare,65536,1.4833555e-05
bare,65536,1.5710168e-05
bare,65536,1.3788592e-05
bare,65536,1.3900469e-05
bare,65536,1.4912869e-05
bare,65536,1.3250952e-05
bare,65536,1.3246457e-05
bare,65536,1.3355972e-05
bare,65536,1.4127762e-05
bare,65536,1.7052458e-05
bare,65536,1.3852658e-05
bare,65536,1.2926433e-05
bare,65536,1.3663977e-05
bare,65536,1.3446058e-05
bare,65536,1.3938972e-05
bare,65536,1.295012e-05
bare,65536,1.3658307e-05
bare,65536,1.2833061e-05
bare,65536,1.2615783e-05
bare,65536,1.3377133e-05
bare,65536,1.3071218e-05
bare,65536,1.4436689e-05
bare,65536,1.4005295e-05
bare,65536,1.4053134e-05
bare,65536,1.3588762e-05
bare,65536,1.4555991e-05
bare,65536,1.3579593e-05
bare,65536,1.4298209e-05
bare,65536,1.574443e-05
bare,65536,1.7733912e-05
bare,65536,1.5752317e-05
bare,65536,1.3228885e-05
bare,65536,1.6997205e-05
bare,65536,1.5616124e-05
bare,65536,1.5385607e-05
bare,65536,1.8108203e-05
bare,65536,1.5759364e-05
bare,65536,1.6039556e-05
bare,65536,1.3666659e-05
bare,65536,1.3207388e-05
bare,65536,1.4000081e-05
bare,65536,1.304825e-05
bare,65536,1.4155808e-05
bare,65536,1.4782984e-05
bare,65536,1.7969234e-05
bare,65536,1.6126434e-05
bare,65536,1.4570033e-05
bare,65536,1.5351381e-05
bare,65536,1.3491612e-05
bare,65536,1.335829e-05
bare,65536,1.444968e-05
bare,65536,1.6417418e-05
bare,65536,1.4050636e-05
bare,65536,1.4837358e-05
bare,65536,1.6743375e-05
bare,65536,1.4363162e-05
bare,65536,1.4534295e-05
bare,65536,1.4531582e-05
bare,65536,1.5614489e-05
bare,65536,1.5427091e-05
bare,65536,1.4493692e-05
bare,65536,1.497066e-05
bare,65536,1.3877885e-05
bare,65536,1.3162306e-05
bare,65536,1.3257364e-05
bare,65536,1.3656373e-05
bare,65536,1.3661028e-05
bare,65536,1.4217096e-05
bare,65536,1.5481422e-05
bare,65536,1.4700112e-05
bare,65536,1.4366778e-05
bare,65536,1.4009989e-05
bare,65536,1.2927393e-05
bare,65536,1.3054602e-05
bare,65536,1.4605305e-05
bare,65536,1.3723386e-05
bare,65536,1.4436678e-05
bare,65536,1.4279813e-05
bare,65536,1.4555042e-05
bare,65536,1.3135369e-05
bare,65536,1.316165e-05
bare,262144,4.9396323e-05
bare,262144,6.8315712e-05
bare,262144,4.8580998e-05
bare,262144,4.8465718e-05
bare,262144,6.9957125e-05
bare,262144,4.8217735e-05
bare,262144,4.7790782e-05
bare,262144,6.7300549e-05
bare,262144,4.6527774e-05
bare,262144,4.8294492e-05
bare,262144,6.7598994e-05
bare,262144,4.7214864e-05
bare,262144,4.8296977e-05
bare,262144,6.6942594e-05
bare,262144,4.8350666e-05
bare,262144,4.8236838e-05
bare,262144,5.918428e-05
bare,262144,5.4792214e-05
bare,262144,4.7927915e-05
bare,262144,4.7472538e-05
bare,262144,6.9093221e-05
bare,262144,4.782906e-05
bare,262144,4.8305545e-05
bare,262144,6.7290377e-05
bare,262144,4.7814363e-05
bare,262144,4.8468224e-05
bare,262144,6.779658e-05
bare,262144,4.8407754e-05
bare,262144,4.7806698e-05
bare,262144,6.7727917e-05
bare,262144,4.8014841e-05
bare,262144,4.8755843e-05
bare,262144,6.7754787e-05
bare,262144,4.6642963e-05
bare,262144,4.7640668e-05
bare,262144,4.8879308e-05
bare,262144,6.6604756e-05
bare,262144,4.7396526e-05
bare,262144,4.8438946e-05
bare,262144,6.6923669e-05
bare,262144,4.8192891e-05
bare,262144,4.7963924e-05
bare,262144,6.7206849e-05
bare,262144,4.8053549e-05
bare,262144,4.8273072e-05
bare,262144,6.7155968e-05
bare,262144,4.7721758e-05
bare,262144,4.7035803e-05
bare,262144,6.6070228e-05
bare,262144,4.8110582e-05
bare,262144,4.8480226e-05
bare,262144,6.8640256e-05
bare,262144,4.7831403e-05
bare,262144,4.7620426e-05
bare,262144,4.7551908e-05
bare,262144,6.6543129e-05
bare,262144,4.7289381e-05
bare,262144,4.7972935e-05
bare,262144,6.7083565e-05
bare,262144,4.8698574e-05
bare,262144,4.7727626e-05
bare,262144,6.63678e-05
bare,262144,4.7246529e-05
bare,262144,4.6557208e-05
bare,262144,6.6872242e-05
bare,262144,4.8634385e-05
bare,262144,4.6933823e-05
bare,262144,6.7581066e-05
bare,262144,4.8286547e-05
bare,262144,4.8162736e-05
bare,262144,4.7184676e-05
bare,262144,6.7151937e-05
bare,262144,4.7822319e-05
bare,262144,4.8551054e-05
bare,262144,6.7024761e-05
bare,262144,4.7420894e-05
bare,262144,4.7642614e-05
bare,262144,6.6553563e-05
bare,262144,4.8261889e-05
bare,262144,4.7775258e-05
bare,262144,6.8005065e-05
bare,262144,4.7983249e-05
bare,262144,4.7747832e-05
bare,262144,6.6788729e-05
bare,262144,4.7638274e-05
bare,262144,4.822261e-05
bare,262144,6.277777e-05
bare,262144,5.1323586e-05
bare,262144,4.6938749e-05
bare,262144,4.7922545e-05
bare,262144,6.7977133e-05
bare,262144,4.808883e-05
bare,262144,4.7292138e-05
bare,262144,6.6440734e-05
bare,262144,4.8110138e-05
bare,262144,4.7935886e-05
bare,262144,6.6003893e-05
bare,262144,4.7435016e-05
bare,262144,4.8430764e-05
bare,262144,6.8532914e-05
bare,1048576,0.000222216506
bare,1048576,0.000218754285
bare,1048576,0.000223027368
bare,1048576,0.000219473193
bare,1048576,0.000247620133
bare,1048576,0.000217822337
bare,1048576,0.000220530434
bare,1048576,0.000225803509
bare,1048576,0.000216321525
bare,1048576,0.000253778009
bare,1048576,0.000218569068
bare,1048576,0.000219786685
bare,1048576,0.000221376453
bare,1048576,0.000220276299
bare,1048576,0.000256130646
bare,1048576,0.000223087962
bare,1048576,0.000218344561
bare,1048576,0.00022425795
bare,1048576,0.000221604074
bare,1048576,0.000253275182
bare,1048576,0.000217764318
bare,1048576,0.000220781367
bare,1048576,0.000220816728
bare,1048576,0.000215283144
bare,1048576,0.00024621209
bare,1048576,0.00021835028
bare,1048576,0.000218681656
bare,1048576,0.000222206174
bare,1048576,0.000218057059
bare,1048576,0.000219600042
bare,1048576,0.000243044924
bare,1048576,0.000221593567
bare,1048576,0.000221783062
bare,1048576,0.000225694166
bare,1048576,0.000220614398
bare,1048576,0.000252610131
bare,1048576,0.00022210789
bare,1048576,0.000221733193
bare,1048576,0.000216420172
bare,1048576,0.000217214605
bare,1048576,0.0002491411
bare,1048576,0.000220049042
bare,1048576,0.000218569185
bare,1048576,0.000218799498
bare,1048576,0.000220495029
bare,1048576,0.000254307291
bare,1048576,0.000219098511
bare,1048576,0.000218359448
bare,1048576,0.000220944974
bare,1048576,0.000222746239
bare,1048576,0.000240200534
bare,1048576,0.000220000889
bare,1048576,0.000220487971
bare,1048576,0.000220312097
bare,1048576,0.000217085457
bare,1048576,0.000219269015
bare,1048576,0.000250850018
bare,1048576,0.000222524293
bare,1048576,0.000220037924
bare,1048576,0.000216354601
bare,1048576,0.000220719478
bare,1048576,0.000253892271
bare,1048576,0.000213264968
bare,1048576,0.000216498564
bare,1048576,0.000225412965
bare,1048576,0.000219392401
bare,1048576,0.000249588193
bare,1048576,0.000220984861
bare,1048576,0.000212177416
bare,1048576,0.000220104965
bare,1048576,0.000221389942
bare,1048576,0.00024993511
bare,1048576,0.000218755944
bare,1048576,0.000224628166
bare,1048576,0.000221527574
bare,1048576,0.000219038411
bare,1048576,0.000260778703
bare,1048576,0.000221368071
bare,1048576,0.000223041148
bare,1048576,0.00022005575
bare,1048576,0.000219382768
bare,1048576,0.000254546496
bare,1048576,0.000220567672
bare,1048576,0.000225069452
bare,1048576,0.000218235335
bare,1048576,0.000220447371
bare,1048576,0.000254452025
bare,1048576,0.000219522146
bare,1048576,0.000220527538
bare,1048576,0.000218585395
bare,1048576,0.00021816614
bare,1048576,0.000250379264
bare,1048576,0.000221777998
bare,1048576,0.000216169617
bare,1048576,0.000216040818
bare,1048576,0.000219389127
bare,1048576,0.000224980293
bare,1048576,0.000241444723
bare,1048576,0.000216407716
bare,1048576,0.000220881557
runc,4096,1.683648e-06
runc,4096,1.978241e-06
runc,4096,2.031922e-06
runc,4096,2.021927e-06
runc,4096,2.034812e-06
runc,4096,2.039058e-06
runc,4096,1.693689e-06
runc,4096,1.997151e-06
runc,4096,1.932477e-06
runc,4096,2.053126e-06
runc,4096,2.081543e-06
runc,4096,2.01399e-06
runc,4096,2.026831e-06
runc,4096,1.738678e-06
runc,4096,2.05219e-06
runc,4096,2.038786e-06
runc,4096,1.976719e-06
runc,4096,1.98014e-06
runc,4096,1.97788e-06
runc,4096,1.974285e-06
runc,4096,2.010759e-06
runc,4096,1.970909e-06
runc,4096,2.011127e-06
runc,4096,1.978015e-06
runc,4096,1.958617e-06
runc,4096,2.013041e-06
runc,4096,2.019964e-06
runc,4096,2.051682e-06
runc,4096,2.001083e-06
runc,4096,2.055366e-06
runc,4096,2.022192e-06
runc,4096,2.017636e-06
runc,4096,2.085614e-06
runc,4096,1.969044e-06
runc,4096,2.028116e-06
runc,4096,1.971247e-06
runc,4096,1.995553e-06
runc,4096,2.016075e-06
runc,4096,1.976075e-06
runc,4096,2.004727e-06
runc,4096,2.029752e-06
runc,4096,2.044523e-06
runc,4096,2.029385e-06
runc,4096,1.994076e-06
runc,4096,1.998508e-06
runc,4096,1.962667e-06
runc,4096,1.990391e-06
runc,4096,1.968352e-06
runc,4096,2.018366e-06
runc,4096,2.017966e-06
runc,4096,1.995709e-06
runc,4096,1.997895e-06
runc,4096,2.049629e-06
runc,4096,1.986394e-06
runc,4096,2.044916e-06
runc,4096,1.963443e-06
runc,4096,2.014287e-06
runc,4096,2.001619e-06
runc,4096,2.040595e-06
runc,4096,1.734453e-06
runc,4096,1.952883e-06
runc,4096,2.218808e-06
runc,4096,2.047676e-06
runc,4096,1.970871e-06
runc,4096,2.042585e-06
runc,4096,1.997905e-06
runc,4096,1.984092e-06
runc,4096,2.043044e-06
runc,4096,1.979743e-06
runc,4096,2.024104e-06
runc,4096,1.953786e-06
runc,4096,1.976924e-06
runc,4096,1.957081e-06
runc,4096,1.982496e-06
runc,4096,1.942709e-06
runc,4096,2.04642e-06
runc,4096,1.993411e-06
runc,4096,1.99879e-06
runc,4096,1.996431e-06
runc,4096,1.945288e-06
runc,4096,2.069324e-06
runc,4096,1.933775e-06
runc,4096,1.773434e-06
runc,4096,1.965672e-06
runc,4096,1.982821e-06
runc,4096,1.984597e-06
runc,4096,2.019504e-06
runc,4096,1.969414e-06
runc,4096,2.061701e-06
runc,4096,2.012608e-06
runc,4096,1.996332e-06
runc,4096,2.006502e-06
runc,4096,1.98307e-06
runc,4096,2.024644e-06
runc,4096,1.994069e-06
runc,4096,1.988285e-06
runc,4096,2.027553e-06
runc,4096,1.988604e-06
runc,4096,1.991397e-06
runc,4096,2.003618e-06
runc,16384,4.355588e-06
runc,16384,4.31372e-06
runc,16384,4.090523e-06
runc,16384,4.325905e-06
runc,16384,4.369402e-06
runc,16384,4.360303e-06
runc,16384,4.334997e-06
runc,16384,4.331104e-06
runc,16384,4.384625e-06
runc,16384,4.400452e-06
runc,16384,4.521558e-06
runc,16384,4.355252e-06
runc,16384,4.310113e-06
runc,16384,4.299987e-06
runc,16384,4.321252e-06
runc,16384,4.398278e-06
runc,16384,4.349234e-06
runc,16384,4.376484e-06
runc,16384,4.259547e-06
runc,16384,4.328328e-06
runc,16384,4.301812e-06
runc,16384,4.273903e-06
runc,16384,4.336721e-06
runc,16384,4.297522e-06
runc,16384,4.090532e-06
runc,16384,4.252556e-06
runc,16384,4.380234e-06
runc,16384,4.176518e-06
runc,16384,4.322546e-06
runc,16384,4.314424e-06
runc,16384,4.305329e-06
runc,16384,4.332141e-06
runc,16384,4.474336e-06
runc,16384,4.35267e-06
runc,16384,4.384309e-06
runc,16384,4.056938e-06
runc,16384,4.296353e-06
runc,16384,4.379738e-06
runc,16384,4.346952e-06
runc,16384,4.37132e-06
runc,16384,4.361317e-06
runc,16384,4.163129e-06
runc,16384,4.321515e-06
runc,16384,4.251261e-06
runc,16384,4.396461e-06
runc,16384,4.333789e-06
runc,16384,4.358329e-06
runc,16384,4.291158e-06
runc,16384,4.411984e-06
runc,16384,4.413402e-06
runc,16384,4.33614e-06
runc,16384,4.404721e-06
runc,16384,4.314598e-06
runc,16384,4.303756e-06
runc,16384,4.516813e-06
runc,16384,4.34661e-06
runc,16384,4.335473e-06
runc,16384,4.447181e-06
runc,16384,4.171593e-06
runc,16384,4.410342e-06
runc,16384,4.35018e-06
runc,16384,4.397692e-06
runc,16384,4.406227e-06
runc,16384,4.42585e-06
runc,16384,4.394163e-06
runc,16384,4.325516e-06
runc,16384,4.33557e-06
runc,16384,4.44633e-06
runc,16384,4.350806e-06
runc,16384,4.400576e-06
runc,16384,4.505148e-06
runc,16384,4.213058e-06
runc,16384,4.402687e-06
runc,16384,4.360917e-06
runc,16384,4.342055e-06
runc,16384,4.42839e-06
runc,16384,4.396242e-06
runc,16384,4.399261e-06
runc,16384,4.444018e-06
runc,16384,4.379681e-06
runc,16384,4.320813e-06
runc,16384,4.320829e-06
runc,16384,4.359257e-06
runc,16384,4.453603e-06
runc,16384,4.339127e-06
runc,16384,4.362643e-06
runc,16384,4.426898e-06
runc,16384,4.434699e-06
runc,16384,4.411521e-06
runc,16384,4.42487e-06
runc,16384,4.267364e-06
runc,16384,4.181628e-06
runc,16384,4.441009e-06
runc,16384,4.392063e-06
runc,16384,4.463294e-06
runc,16384,4.387645e-06
runc,16384,4.349165e-06
runc,16384,4.349144e-06
runc,16384,4.423828e-06
runc,16384,4.26583e-06
runc,65536,1.2707104e-05
runc,65536,1.2864785e-05
runc,65536,1.3036708e-05
runc,65536,1.2817708e-05
runc,65536,1.3130565e-05
runc,65536,1.2896614e-05
runc,65536,1.2656675e-05
runc,65536,1.2685039e-05
runc,65536,1.2842457e-05
runc,65536,1.2809636e-05
runc,65536,1.2750227e-05
runc,65536,1.2908115e-05
runc,65536,1.2553255e-05
runc,65536,1.297756e-05
runc,65536,1.2910449e-05
runc,65536,1.2889432e-05
runc,65536,1.2927379e-05
runc,65536,1.2977331e-05
runc,65536,1.2847288e-05
runc,65536,1.3086834e-05
runc,65536,1.2691799e-05
runc,65536,1.3136552e-05
runc,65536,1.2736871e-05
runc,65536,1.3187726e-05
runc,65536,1.2485885e-05
runc,65536,1.2735554e-05
runc,65536,1.2578205e-05
runc,65536,1.2763405e-05
runc,65536,1.2853496e-05
runc,65536,1.307155e-05
runc,65536,1.2601726e-05
runc,65536,1.2828696e-05
runc,65536,1.2766247e-05
runc,65536,1.2928364e-05
runc,65536,1.3038579e-05
runc,65536,1.2922805e-05
runc,65536,1.2667733e-05
runc,65536,1.2853031e-05
runc,65536,1.2617212e-05
runc,65536,1.2886238e-05
runc,65536,1.2970644e-05
runc,65536,1.2846711e-05
runc,65536,1.2712414e-05
runc,65536,1.281085e-05
runc,65536,1.2711339e-05
runc,65536,1.3043136e-05
runc,65536,1.2512453e-05
runc,65536,1.2649386e-05
runc,65536,1.2768412e-05
runc,65536,1.2780481e-05
runc,65536,1.279735e-05
runc,65536,1.2900077e-05
runc,65536,1.2997998e-05
runc,65536,1.3130079e-05
runc,65536,1.3094196e-05
runc,65536,1.31176e-05
runc,65536,1.3045184e-05
runc,65536,1.2745046e-05
runc,65536,1.2992663e-05
runc,65536,1.3121094e-05
runc,65536,1.2983127e-05
runc,65536,1.3118409e-05
runc,65536,1.3248868e-05
runc,65536,1.2756092e-05
runc,65536,1.2637995e-05
runc,65536,1.2864194e-05
runc,65536,1.2636352e-05
runc,65536,1.270859e-05
runc,65536,1.2873397e-05
runc,65536,1.2946977e-05
runc,65536,1.3088674e-05
runc,65536,1.2903412e-05
runc,65536,1.3097727e-05
runc,65536,1.3000031e-05
runc,65536,1.3228215e-05
runc,65536,1.2755609e-05
runc,65536,1.3173616e-05
runc,65536,1.2875693e-05
runc,65536,1.2953107e-05
runc,65536,1.3154652e-05
runc,65536,1.3165129e-05
runc,65536,1.2984401e-05
runc,65536,1.3055114e-05
runc,65536,1.2944392e-05
runc,65536,1.29403e-05
runc,65536,1.2775869e-05
runc,65536,1.291038e-05
runc,65536,1.2619385e-05
runc,65536,1.2909448e-05
runc,65536,1.2951188e-05
runc,65536,1.2804806e-05
runc,65536,1.2925337e-05
runc,65536,1.3095911e-05
runc,65536,1.2989442e-05
runc,65536,1.3006131e-05
runc,65536,1.3019116e-05
runc,65536,1.303447e-05
runc,65536,1.289959e-05
runc,65536,1.3049965e-05
runc,65536,1.2530186e-05
runc,262144,4.5595618e-05
runc,262144,4.5772067e-05
runc,262144,4.5343604e-05
runc,262144,4.5720059e-05
runc,262144,4.5529097e-05
runc,262144,4.5528865e-05
runc,262144,4.6018104e-05
runc,262144,4.5917135e-05
runc,262144,4.5871111e-05
runc,262144,4.6053654e-05
runc,262144,4.5166729e-05
runc,262144,4.5192493e-05
runc,262144,4.546679e-05
runc,262144,4.6562465e-05
runc,262144,4.5607449e-05
runc,262144,4.5829169e-05
runc,262144,4.489709e-05
runc,262144,4.6382138e-05
runc,262144,4.5223562e-05
runc,262144,4.559019e-05
runc,262144,4.5226974e-05
runc,262144,4.5237797e-05
runc,262144,4.4967841e-05
runc,262144,4.5943936e-05
runc,262144,4.6524958e-05
runc,262144,4.6293659e-05
runc,262144,4.5296463e-05
runc,262144,4.6251545e-05
runc,262144,4.5288743e-05
runc,262144,4.5846056e-05
runc,262144,4.5843382e-05
runc,262144,4.5857876e-05
runc,262144,4.62391e-05
runc,262144,4.6136669e-05
runc,262144,4.6186327e-05
runc,262144,4.5044137e-05
runc,262144,4.5985063e-05
runc,262144,4.5281493e-05
runc,262144,4.5885605e-05
runc,262144,4.6136036e-05
runc,262144,4.6612044e-05
runc,262144,4.6435089e-05
runc,262144,4.612187e-05
runc,262144,4.605349e-05
runc,262144,4.6453559e-05
runc,262144,4.6089419e-05
runc,262144,4.6134806e-05
runc,262144,4.512184e-05
runc,262144,4.6006589e-05
runc,262144,4.601842e-05
runc,262144,4.5835128e-05
runc,262144,4.5922141e-05
runc,262144,4.6916495e-05
runc,262144,4.6019148e-05
runc,262144,4.7197384e-05
runc,262144,4.6116296e-05
runc,262144,4.6337842e-05
runc,262144,4.5697139e-05
runc,262144,4.6058951e-05
runc,262144,4.6068391e-05
runc,262144,4.6541893e-05
runc,262144,4.6027886e-05
runc,262144,4.5986068e-05
runc,262144,4.5132714e-05
runc,262144,4.5757781e-05
runc,262144,4.5295295e-05
runc,262144,4.6282741e-05
runc,262144,4.5090666e-05
runc,262144,4.666856e-05
runc,262144,4.5972312e-05
runc,262144,4.6141482e-05
runc,262144,4.6386613e-05
runc,262144,4.6237936e-05
runc,262144,4.5641536e-05
runc,262144,4.6129295e-05
runc,262144,4.6437559e-05
runc,262144,4.5217857e-05
runc,262144,4.6127549e-05
runc,262144,4.5300985e-05
runc,262144,4.5928802e-05
runc,262144,4.5482197e-05
runc,262144,4.6020061e-05
runc,262144,4.6110174e-05
runc,262144,4.6160701e-05
runc,262144,4.5638761e-05
runc,262144,4.6445519e-05
runc,262144,4.6583875e-05
runc,262144,4.5840472e-05
runc,262144,4.5935358e-05
runc,262144,4.5905494e-05
runc,262144,4.6230089e-05
runc,262144,4.6582078e-05
runc,262144,4.6358382e-05
runc,262144,4.6138597e-05
runc,262144,4.6615303e-05
runc,262144,4.6042547e-05
runc,262144,4.5918485e-05
runc,262144,4.6192908e-05
runc,262144,4.6677513e-05
runc,262144,4.6151479e-05
runc,1048576,0.000170131098
runc,1048576,0.000171755863
runc,1048576,0.000171116524
runc,1048576,0.000169760897
runc,1048576,0.000172087835
runc,1048576,0.000172541157
runc,1048576,0.000171205058
runc,1048576,0.000172022614
runc,1048576,0.000172398592
runc,1048576,0.000173607317
runc,1048576,0.000174120461
runc,1048576,0.000174258443
runc,1048576,0.000174927831
runc,1048576,0.000173935812
runc,1048576,0.000171857566
runc,1048576,0.00017245808
runc,1048576,0.000173314824
runc,1048576,0.000173732013
runc,1048576,0.00017418206
runc,1048576,0.000175562134
runc,1048576,0.000174147091
runc,1048576,0.000172389016
runc,1048576,0.000174045315
runc,1048576,0.000173821303
runc,1048576,0.00017215751
runc,1048576,0.000174119516
runc,1048576,0.000174428584
runc,1048576,0.000174413566
runc,1048576,0.00017504883
runc,1048576,0.000173399909
runc,1048576,0.000172953325
runc,1048576,0.000172468644
runc,1048576,0.000175486683
runc,1048576,0.000174476954
runc,1048576,0.000172258413
runc,1048576,0.000173686014
runc,1048576,0.00017346564
runc,1048576,0.000172960892
runc,1048576,0.00017205035
runc,1048576,0.000175356312
runc,1048576,0.000171900392
runc,1048576,0.000171854859
runc,1048576,0.000175876179
runc,1048576,0.000172100816
runc,1048576,0.000173090346
runc,1048576,0.000175521491
runc,1048576,0.000172460306
runc,1048576,0.000173968874
runc,1048576,0.000173188251
runc,1048576,0.000173401495
runc,1048576,0.000174964225
runc,1048576,0.000172548593
runc,1048576,0.000173183464
runc,1048576,0.000175858266
runc,1048576,0.000175738824
runc,1048576,0.000173238252
runc,1048576,0.000173517969
runc,1048576,0.000173480381
runc,1048576,0.000169672145
runc,1048576,0.000171763299
runc,1048576,0.000173454508
runc,1048576,0.000173548411
runc,1048576,0.000174220157
runc,1048576,0.000173359644
runc,1048576,0.000171277148
runc,1048576,0.000175040666
runc,1048576,0.000175568814
runc,1048576,0.000170873012
runc,1048576,0.000176546266
runc,1048576,0.000175214533
runc,1048576,0.000174719447
runc,1048576,0.000176187707
runc,1048576,0.000172578322
runc,1048576,0.000174387722
runc,1048576,0.000174544737
runc,1048576,0.000174226821
runc,1048576,0.000174748275
runc,1048576,0.000173421169
runc,1048576,0.000177919923
runc,1048576,0.000174459798
runc,1048576,0.000174765475
runc,1048576,0.000174720568
runc,1048576,0.000171772233
runc,1048576,0.000176348636
runc,1048576,0.000172439788
runc,1048576,0.00017482783
runc,1048576,0.000174490662
runc,1048576,0.00017391103
runc,1048576,0.000176108457
runc,1048576,0.00017416451
runc,1048576,0.000174490866
runc,1048576,0.000173037755
runc,1048576,0.000174495159
runc,1048576,0.000172121829
runc,1048576,0.000173717664
runc,1048576,0.000175380817
runc,1048576,0.000172975546
runc,1048576,0.000175996291
runc,1048576,0.000172450731
runc,1048576,0.000172326312
runsc_ptrace,4096,3.2197571e-05
runsc_ptrace,4096,3.0832463e-05
runsc_ptrace,4096,3.3589047e-05
runsc_ptrace,4096,4.9628052e-05
runsc_ptrace,4096,2.8771281e-05
runsc_ptrace,4096,3.0758434e-05
runsc_ptrace,4096,3.3223077e-05
runsc_ptrace,4096,4.3120956e-05
runsc_ptrace,4096,3.5814828e-05
runsc_ptrace,4096,7.6719196e-05
runsc_ptrace,4096,3.1791227e-05
runsc_ptrace,4096,2.9023351e-05
runsc_ptrace,4096,3.4585002e-05
runsc_ptrace,4096,3.7683476e-05
runsc_ptrace,4096,3.4950866e-05
runsc_ptrace,4096,4.6404646e-05
runsc_ptrace,4096,3.476832e-05
runsc_ptrace,4096,3.9586779e-05
runsc_ptrace,4096,4.108077e-05
runsc_ptrace,4096,3.0789932e-05
runsc_ptrace,4096,3.3410088e-05
runsc_ptrace,4096,3.0456551e-05
runsc_ptrace,4096,5.0827555e-05
runsc_ptrace,4096,2.9977316e-05
runsc_ptrace,4096,3.4993685e-05
runsc_ptrace,4096,3.8550585e-05
runsc_ptrace,4096,2.9708248e-05
runsc_ptrace,4096,3.4235742e-05
runsc_ptrace,4096,3.4640088e-05
runsc_ptrace,4096,2.9725321e-05
runsc_ptrace,4096,2.9176366e-05
runsc_ptrace,4096,3.6631991e-05
runsc_ptrace,4096,3.0997257e-05
runsc_ptrace,4096,2.6002197e-05
runsc_ptrace,4096,3.2598477e-05
runsc_ptrace,4096,2.9649649e-05
runsc_ptrace,4096,4.8223232e-05
runsc_ptrace,4096,3.0432431e-05
runsc_ptrace,4096,3.4637807e-05
runsc_ptrace,4096,3.8003574e-05
runsc_ptrace,4096,3.6301717e-05
runsc_ptrace,4096,4.2370859e-05
runsc_ptrace,4096,3.0954736e-05
runsc_ptrace,4096,3.2784399e-05
runsc_ptrace,4096,3.3857024e-05
runsc_ptrace,4096,3.3906483e-05
runsc_ptrace,4096,3.273306e-05
runsc_ptrace,4096,3.5822748e-05
runsc_ptrace,4096,3.3502412e-05
runsc_ptrace,4096,3.3805813e-05
runsc_ptrace,4096,3.6293874e-05
runsc_ptrace,4096,3.204626e-05
runsc_ptrace,4096,3.0988496e-05
runsc_ptrace,4096,4.4213044e-05
runsc_ptrace,4096,3.3271979e-05
runsc_ptrace,4096,3.0424309e-05
runsc_ptrace,4096,3.6180023e-05
runsc_ptrace,4096,3.4559518e-05
runsc_ptrace,4096,3.0458425e-05
runsc_ptrace,4096,3.5629229e-05
runsc_ptrace,4096,3.5725076e-05
runsc_ptrace,4096,3.269731e-05
runsc_ptrace,4096,3.6276731e-05
runsc_ptrace,4096,3.2767119e-05
runsc_ptrace,4096,3.0649706e-05
runsc_ptrace,4096,3.2434047e-05
runsc_ptrace,4096,3.23239e-05
runsc_ptrace,4096,3.2365162e-05
runsc_ptrace,4096,3.26177e-05
runsc_ptrace,4096,3.5114936e-05
runsc_ptrace,4096,3.4338562e-05
runsc_ptrace,4096,3.5699421e-05
runsc_ptrace,4096,3.2711359e-05
runsc_ptrace,4096,3.1999236e-05
runsc_ptrace,4096,3.4041703e-05
runsc_ptrace,4096,3.260314e-05
runsc_ptrace,4096,3.2436074e-05
runsc_ptrace,4096,3.0890973e-05
runsc_ptrace,4096,3.4251418e-05
runsc_ptrace,4096,3.75323e-05
runsc_ptrace,4096,3.3729288e-05
runsc_ptrace,4096,3.6391077e-05
runsc_ptrace,4096,3.5052271e-05
runsc_ptrace,4096,3.5073226e-05
runsc_ptrace,4096,3.2086686e-05
runsc_ptrace,4096,3.2350195e-05
runsc_ptrace,4096,3.2150205e-05
runsc_ptrace,4096,3.6767487e-05
runsc_ptrace,4096,3.7260219e-05
runsc_ptrace,4096,4.642109e-05
runsc_ptrace,4096,3.1996457e-05
runsc_ptrace,4096,3.6132889e-05
runsc_ptrace,4096,3.1565756e-05
runsc_ptrace,4096,3.7174246e-05
runsc_ptrace,4096,3.4677247e-05
runsc_ptrace,4096,3.207352e-05
runsc_ptrace,4096,3.3579956e-05
runsc_ptrace,4096,3.1508796e-05
runsc_ptrace,4096,3.073076e-05
runsc_ptrace,4096,3.1947002e-05
runsc_ptrace,16384,3.4726596e-05
runsc_ptrace,16384,3.6317317e-05
runsc_ptrace,16384,3.7636328e-05
runsc_ptrace,16384,3.7588685e-05
runsc_ptrace,16384,3.4671804e-05
runsc_ptrace,16384,3.4195622e-05
runsc_ptrace,16384,3.3391352e-05
runsc_ptrace,16384,3.5306948e-05
runsc_ptrace,16384,3.5872094e-05
runsc_ptrace,16384,3.9006907e-05
runsc_ptrace,16384,3.608206e-05
runsc_ptrace,16384,3.6764821e-05
runsc_ptrace,16384,3.514409e-05
runsc_ptrace,16384,3.4537396e-05
runsc_ptrace,16384,3.3654018e-05
runsc_ptrace,16384,4.0699357e-05
runsc_ptrace,16384,3.4014116e-05
runsc_ptrace,16384,4.2368411e-05
runsc_ptrace,16384,3.2942815e-05
runsc_ptrace,16384,4.0030885e-05
runsc_ptrace,16384,4.2968702e-05
runsc_ptrace,16384,3.7186746e-05
runsc_ptrace,16384,3.8916212e-05
runsc_ptrace,16384,3.9344166e-05
runsc_ptrace,16384,3.7227324e-05
runsc_ptrace,16384,3.5322108e-05
runsc_ptrace,16384,3.6946312e-05
runsc_ptrace,16384,3.4564597e-05
runsc_ptrace,16384,3.6415106e-05
runsc_ptrace,16384,3.6562269e-05
runsc_ptrace,16384,3.7195412e-05
runsc_ptrace,16384,3.4896162e-05
runsc_ptrace,16384,3.2150649e-05
runsc_ptrace,16384,3.944102e-05
runsc_ptrace,16384,3.2542204e-05
runsc_ptrace,16384,3.7855931e-05
runsc_ptrace,16384,3.3791785e-05
runsc_ptrace,16384,3.1250267e-05
runsc_ptrace,16384,4.2847394e-05
runsc_ptrace,16384,3.1773117e-05
runsc_ptrace,16384,3.7757356e-05
runsc_ptrace,16384,3.6048194e-05
runsc_ptrace,16384,3.2907275e-05
runsc_ptrace,16384,3.5544701e-05
runsc_ptrace,16384,4.2437638e-05
runsc_ptrace,16384,3.2997668e-05
runsc_ptrace,16384,3.4705052e-05
runsc_ptrace,16384,3.5497931e-05
runsc_ptrace,16384,3.3256936e-05
runsc_ptrace,16384,3.7452712e-05
runsc_ptrace,16384,3.4356297e-05
runsc_ptrace,16384,4.3133416e-05
runsc_ptrace,16384,3.8109782e-05
runsc_ptrace,16384,3.411049e-05
runsc_ptrace,16384,3.566399e-05
runsc_ptrace,16384,3.4700599e-05
runsc_ptrace,16384,3.9829429e-05
runsc_ptrace,16384,3.5369601e-05
runsc_ptrace,16384,3.2975673e-05
runsc_ptrace,16384,3.4612243e-05
runsc_ptrace,16384,3.2862397e-05
runsc_ptrace,16384,3.6425907e-05
runsc_ptrace,16384,3.5437384e-05
runsc_ptrace,16384,3.4254219e-05
runsc_ptrace,16384,3.7988681e-05
runsc_ptrace,16384,3.9012561e-05
runsc_ptrace,16384,3.7271777e-05
runsc_ptrace,16384,3.7686375e-05
runsc_ptrace,16384,3.5208599e-05
runsc_ptrace,16384,3.5680368e-05
runsc_ptrace,16384,3.6319892e-05
runsc_ptrace,16384,3.7175203e-05
runsc_ptrace,16384,4.0991432e-05
runsc_ptrace,16384,3.466706e-05
runsc_ptrace,16384,3.8499784e-05
runsc_ptrace,16384,3.4441353e-05
runsc_ptrace,16384,3.8131391e-05
runsc_ptrace,16384,3.2918026e-05
runsc_ptrace,16384,3.3408403e-05
runsc_ptrace,16384,3.2670549e-05
runsc_ptrace,16384,3.7131373e-05
runsc_ptrace,16384,3.6148067e-05
runsc_ptrace,16384,3.5861583e-05
runsc_ptrace,16384,3.8962353e-05
runsc_ptrace,16384,3.3136366e-05
runsc_ptrace,16384,3.6738878e-05
runsc_ptrace,16384,3.487074e-05
runsc_ptrace,16384,3.5805151e-05
runsc_ptrace,16384,3.8433722e-05
runsc_ptrace,16384,3.8335424e-05
runsc_ptrace,16384,3.8732174e-05
runsc_ptrace,16384,3.437015e-05
runsc_ptrace,16384,3.6656624e-05
runsc_ptrace,16384,3.6393674e-05
runsc_ptrace,16384,4.0747942e-05
runsc_ptrace,16384,3.371837e-05
runsc_ptrace,16384,3.6492555e-05
runsc_ptrace,16384,3.4616009e-05
runsc_ptrace,16384,4.0608054e-05
runsc_ptrace,16384,3.4883928e-05
runsc_ptrace,65536,4.7824982e-05
runsc_ptrace,65536,4.5722569e-05
runsc_ptrace,65536,4.2902957e-05
runsc_ptrace,65536,5.0196795e-05
runsc_ptrace,65536,5.5792945e-05
runsc_ptrace,65536,4.6876568e-05
runsc_ptrace,65536,4.5709276e-05
runsc_ptrace,65536,4.3663622e-05
runsc_ptrace,65536,4.6593104e-05
runsc_ptrace,65536,4.6890007e-05
runsc_ptrace,65536,4.8583061e-05
runsc_ptrace,65536,4.6045538e-05
runsc_ptrace,65536,4.410066e-05
runsc_ptrace,65536,4.5337692e-05
runsc_ptrace,65536,4.7076803e-05
runsc_ptrace,65536,4.7678714e-05
runsc_ptrace,65536,5.0353014e-05
runsc_ptrace,65536,4.3455304e-05
runsc_ptrace,65536,5.1098861e-05
runsc_ptrace,65536,4.7767877e-05
runsc_ptrace,65536,4.45353e-05
runsc_ptrace,65536,4.9292885e-05
runsc_ptrace,65536,4.4733395e-05
runsc_ptrace,65536,4.8461428e-05
runsc_ptrace,65536,4.7092915e-05
runsc_ptrace,65536,4.3586861e-05
runsc_ptrace,65536,4.5658151e-05
runsc_ptrace,65536,4.4101635e-05
runsc_ptrace,65536,5.0587703e-05
runsc_ptrace,65536,4.4691544e-05
runsc_ptrace,65536,5.2008952e-05
runsc_ptrace,65536,4.5705037e-05
runsc_ptrace,65536,4.4900084e-05
runsc_ptrace,65536,4.6142635e-05
runsc_ptrace,65536,4.6994213e-05
runsc_ptrace,65536,4.4568867e-05
runsc_ptrace,65536,4.5046272e-05
runsc_ptrace,65536,4.7487516e-05
runsc_ptrace,65536,5.2625375e-05
runsc_ptrace,65536,5.1686675e-05
runsc_ptrace,65536,5.5089811e-05
runsc_ptrace,65536,4.6406902e-05
runsc_ptrace,65536,4.9713111e-05
runsc_ptrace,65536,4.4988188e-05
runsc_ptrace,65536,4.734614e-05
runsc_ptrace,65536,5.1782674e-05
runsc_ptrace,65536,4.194631e-05
runsc_ptrace,65536,5.2021285e-05
runsc_ptrace,65536,4.5947527e-05
runsc_ptrace,65536,4.5255594e-05
runsc_ptrace,65536,4.7089638e-05
runsc_ptrace,65536,4.410819e-05
runsc_ptrace,65536,4.8084341e-05
runsc_ptrace,65536,4.3645789e-05
runsc_ptrace,65536,4.6839388e-05
runsc_ptrace,65536,4.4506927e-05
runsc_ptrace,65536,4.7580485e-05
runsc_ptrace,65536,4.4993554e-05
runsc_ptrace,65536,4.437445e-05
runsc_ptrace,65536,4.3098426e-05
runsc_ptrace,65536,4.2258256e-05
runsc_ptrace,65536,4.8586229e-05
runsc_ptrace,65536,4.7227637e-05
runsc_ptrace,65536,5.0655621e-05
runsc_ptrace,65536,4.5840679e-05
runsc_ptrace,65536,4.6267716e-05
runsc_ptrace,65536,4.9296283e-05
runsc_ptrace,65536,4.5882291e-05
runsc_ptrace,65536,4.4019056e-05
runsc_ptrace,65536,4.690867e-05
runsc_ptrace,65536,4.7271991e-05
runsc_ptrace,65536,4.8128568e-05
runsc_ptrace,65536,4.8139762e-05
runsc_ptrace,65536,4.4839377e-05
runsc_ptrace,65536,4.9022012e-05
runsc_ptrace,65536,4.606842e-05
runsc_ptrace,65536,4.9792336e-05
runsc_ptrace,65536,4.5901932e-05
runsc_ptrace,65536,4.6871683e-05
runsc_ptrace,65536,4.4161607e-05
runsc_ptrace,65536,4.5767334e-05
runsc_ptrace,65536,5.1312647e-05
runsc_ptrace,65536,4.4701119e-05
runsc_ptrace,65536,4.6071749e-05
runsc_ptrace,65536,4.6689071e-05
runsc_ptrace,65536,4.8078564e-05
runsc_ptrace,65536,4.8382055e-05
runsc_ptrace,65536,5.0083661e-05
runsc_ptrace,65536,4.9710867e-05
runsc_ptrace,65536,4.6164354e-05
runsc_ptrace,65536,4.6561032e-05
runsc_ptrace,65536,4.5370522e-05
runsc_ptrace,65536,4.4573993e-05
runsc_ptrace,65536,4.9565653e-05
runsc_ptrace,65536,4.5491699e-05
runsc_ptrace,65536,4.5828361e-05
runsc_ptrace,65536,4.815483e-05
runsc_ptrace,65536,5.8174439e-05
runsc_ptrace,65536,4.507789e-05
runsc_ptrace,65536,4.4775501e-05
runsc_ptrace,262144,8.6828877e-05
runsc_ptrace,262144,9.0041882e-05
runsc_ptrace,262144,8.6044216e-05
runsc_ptrace,262144,8.7392829e-05
runsc_ptrace,262144,8.8677356e-05
runsc_ptrace,262144,8.8029745e-05
runsc_ptrace,262144,0.000102008133
runsc_ptrace,262144,8.8913926e-05
runsc_ptrace,262144,0.000100115496
runsc_ptrace,262144,8.846679e-05
runsc_ptrace,262144,8.5172709e-05
runsc_ptrace,262144,8.7275679e-05
runsc_ptrace,262144,8.8900168e-05
runsc_ptrace,262144,8.8942928e-05
runsc_ptrace,262144,8.604717e-05
runsc_ptrace,262144,9.3431059e-05
runsc_ptrace,262144,7.9348189e-05
runsc_ptrace,262144,9.6410084e-05
runsc_ptrace,262144,8.2640494e-05
runsc_ptrace,262144,8.5922249e-05
runsc_ptrace,262144,9.0402529e-05
runsc_ptrace,262144,8.4157429e-05
runsc_ptrace,262144,8.6567437e-05
runsc_ptrace,262144,9.014098e-05
runsc_ptrace,262144,9.5186988e-05
runsc_ptrace,262144,9.4203526e-05
runsc_ptrace,262144,9.3073977e-05
runsc_ptrace,262144,8.1314385e-05
runsc_ptrace,262144,8.725228e-05
runsc_ptrace,262144,8.900286e-05
runsc_ptrace,262144,8.6710636e-05
runsc_ptrace,262144,8.757929e-05
runsc_ptrace,262144,9.0992515e-05
runsc_ptrace,262144,8.2416591e-05
runsc_ptrace,262144,0.000104744176
runsc_ptrace,262144,8.5813044e-05
runsc_ptrace,262144,9.2342918e-05
runsc_ptrace,262144,9.9397286e-05
runsc_ptrace,262144,9.4189272e-05
runsc_ptrace,262144,9.4051255e-05
runsc_ptrace,262144,9.0566915e-05
runsc_ptrace,262144,0.000102985643
runsc_ptrace,262144,9.1410693e-05
runsc_ptrace,262144,9.4959069e-05
runsc_ptrace,262144,9.6530741e-05
runsc_ptrace,262144,0.000103673847
runsc_ptrace,262144,9.5842755e-05
runsc_ptrace,262144,9.2535731e-05
runsc_ptrace,262144,0.000111559646
runsc_ptrace,262144,8.1439241e-05
runsc_ptrace,262144,0.000105622603
runsc_ptrace,262144,0.000107106804
runsc_ptrace,262144,0.000104803592
runsc_ptrace,262144,0.000107982778
runsc_ptrace,262144,8.3554209e-05
runsc_ptrace,262144,8.7908695e-05
runsc_ptrace,262144,8.839574e-05
runsc_ptrace,262144,0.000111355621
runsc_ptrace,262144,8.9084533e-05
runsc_ptrace,262144,9.6772812e-05
runsc_ptrace,262144,9.6223295e-05
runsc_ptrace,262144,9.3417941e-05
runsc_ptrace,262144,9.4836279e-05
runsc_ptrace,262144,0.000111844805
runsc_ptrace,262144,0.000100523808
runsc_ptrace,262144,9.6991127e-05
runsc_ptrace,262144,8.1429083e-05
runsc_ptrace,262144,9.6377866e-05
runsc_ptrace,262144,8.9604786e-05
runsc_ptrace,262144,7.9163277e-05
runsc_ptrace,262144,9.9876088e-05
runsc_ptrace,262144,0.000109884888
runsc_ptrace,262144,9.7799995e-05
runsc_ptrace,262144,8.8505643e-05
runsc_ptrace,262144,8.1786682e-05
runsc_ptrace,262144,0.000103758081
runsc_ptrace,262144,0.000108863591
runsc_ptrace,262144,9.1466478e-05
runsc_ptrace,262144,8.673875e-05
runsc_ptrace,262144,8.8052941e-05
runsc_ptrace,262144,0.000103225
runsc_ptrace,262144,0.00010549571
runsc_ptrace,262144,9.3996467e-05
runsc_ptrace,262144,8.9893714e-05
runsc_ptrace,262144,8.7287299e-05
runsc_ptrace,262144,9.3751427e-05
runsc_ptrace,262144,9.5958196e-05
runsc_ptrace,262144,8.6062195e-05
runsc_ptrace,262144,8.8687877e-05
runsc_ptrace,262144,8.8205386e-05
runsc_ptrace,262144,8.566121e-05
runsc_ptrace,262144,0.000100129851
runsc_ptrace,262144,8.6944281e-05
runsc_ptrace,262144,8.607463e-05
runsc_ptrace,262144,9.2383547e-05
runsc_ptrace,262144,8.7646062e-05
runsc_ptrace,262144,0.000107532273
runsc_ptrace,262144,0.000101195175
runsc_ptrace,262144,8.7551009e-05
runsc_ptrace,262144,8.4001891e-05
runsc_ptrace,1048576,0.000272255478
runsc_ptrace,1048576,0.000257692707
runsc_ptrace,1048576,0.000259128487
runsc_ptrace,1048576,0.000258795189
runsc_ptrace,1048576,0.000255837222
runsc_ptrace,1048576,0.000256455562
runsc_ptrace,1048576,0.00025066646
runsc_ptrace,1048576,0.000254813931
runsc_ptrace,1048576,0.000259669789
runsc_ptrace,1048576,0.000265976385
runsc_ptrace,1048576,0.000307901006
runsc_ptrace,1048576,0.000254924846
runsc_ptrace,1048576,0.00032071225
runsc_ptrace,1048576,0.000250008103
runsc_ptrace,1048576,0.000298230356
runsc_ptrace,1048576,0.000265080191
runsc_ptrace,1048576,0.000300958462
runsc_ptrace,1048576,0.000265231996
runsc_ptrace,1048576,0.000317970203
runsc_ptrace,1048576,0.000324591674
runsc_ptrace,1048576,0.000268616684
runsc_ptrace,1048576,0.000353919168
runsc_ptrace,1048576,0.000282843946
runsc_ptrace,1048576,0.000297415099
runsc_ptrace,1048576,0.000274868333
runsc_ptrace,1048576,0.000308399351
runsc_ptrace,1048576,0.000262443122
runsc_ptrace,1048576,0.000291936944
runsc_ptrace,1048576,0.000278651918
runsc_ptrace,1048576,0.000331677787
runsc_ptrace,1048576,0.000247004587
runsc_ptrace,1048576,0.00024789336
runsc_ptrace,1048576,0.000267525465
runsc_ptrace,1048576,0.000342308078
runsc_ptrace,1048576,0.000246826181
runsc_ptrace,1048576,0.000275745173
runsc_ptrace,1048576,0.000242973168
runsc_ptrace,1048576,0.000322748994
runsc_ptrace,1048576,0.000266845251
runsc_ptrace,1048576,0.000304082409
runsc_ptrace,1048576,0.000265827985
runsc_ptrace,1048576,0.00027692024
runsc_ptrace,1048576,0.000248749013
runsc_ptrace,1048576,0.000321709609
runsc_ptrace,1048576,0.000244978117
runsc_ptrace,1048576,0.000271221594
runsc_ptrace,1048576,0.000259129301
runsc_ptrace,1048576,0.000290146971
runsc_ptrace,1048576,0.000257341395
runsc_ptrace,1048576,0.000318788749
runsc_ptrace,1048576,0.00027591511
runsc_ptrace,1048576,0.000262915681
runsc_ptrace,1048576,0.000312834542
runsc_ptrace,1048576,0.000241191927
runsc_ptrace,1048576,0.000284982059
runsc_ptrace,1048576,0.000295380712
runsc_ptrace,1048576,0.000309963827
runsc_ptrace,1048576,0.000244484952
runsc_ptrace,1048576,0.000310848758
runsc_ptrace,1048576,0.000267677271
runsc_ptrace,1048576,0.000304776098
runsc_ptrace,1048576,0.000274124439
runsc_ptrace,1048576,0.000317474798
runsc_ptrace,1048576,0.000261847745
runsc_ptrace,1048576,0.000320293417
runsc_ptrace,1048576,0.000265953713
runsc_ptrace,1048576,0.000301055115
runsc_ptrace,1048576,0.000250797835
runsc_ptrace,1048576,0.000302943226
runsc_ptrace,1048576,0.000266407325
runsc_ptrace,1048576,0.000321890606
runsc_ptrace,1048576,0.000280623877
runsc_ptrace,1048576,0.000263527763
runsc_ptrace,1048576,0.000254138024
runsc_ptrace,1048576,0.000253959879
runsc_ptrace,1048576,0.000268356234
runsc_ptrace,1048576,0.00034753076
runsc_ptrace,1048576,0.000326955749
runsc_ptrace,1048576,0.000266608986
runsc_ptrace,1048576,0.000279129017
runsc_ptrace,1048576,0.000248911703
runsc_ptrace,1048576,0.000252292986
runsc_ptrace,1048576,0.000305084541
runsc_ptrace,1048576,0.000292935787
runsc_ptrace,1048576,0.000271644036
runsc_ptrace,1048576,0.0003047192
runsc_ptrace,1048576,0.000304711983
runsc_ptrace,1048576,0.000269113138
runsc_ptrace,1048576,0.000266902265
runsc_ptrace,1048576,0.000258959742
runsc_ptrace,1048576,0.00024922716
runsc_ptrace,1048576,0.000249466015
runsc_ptrace,1048576,0.000259910972
runsc_ptrace,1048576,0.000268954143
runsc_ptrace,1048576,0.000248138007
runsc_ptrace,1048576,0.000254915707
runsc_ptrace,1048576,0.000254694809
runsc_ptrace,1048576,0.000254659069
runsc_ptrace,1048576,0.000245121395
runsc_ptrace,1048576,0.000266502029
runsc_kvm,4096,1.2616771e-05
runsc_kvm,4096,1.2055691e-05
runsc_kvm,4096,1.3322569e-05
runsc_kvm,4096,1.2523052e-05
runsc_kvm,4096,1.2238772e-05
runsc_kvm,4096,1.2272772e-05
runsc_kvm,4096,1.2139591e-05
runsc_kvm,4096,1.2178196e-05
runsc_kvm,4096,1.2372233e-05
runsc_kvm,4096,1.3124934e-05
runsc_kvm,4096,1.2377901e-05
runsc_kvm,4096,1.2778034e-05
runsc_kvm,4096,1.2545926e-05
runsc_kvm,4096,1.2564602e-05
runsc_kvm,4096,1.2648847e-05
runsc_kvm,4096,1.2350403e-05
runsc_kvm,4096,1.248519e-05
runsc_kvm,4096,1.3896003e-05
runsc_kvm,4096,1.2403256e-05
runsc_kvm,4096,1.3243583e-05
runsc_kvm,4096,1.2723162e-05
runsc_kvm,4096,1.3150901e-05
runsc_kvm,4096,1.2320218e-05
runsc_kvm,4096,1.2365668e-05
runsc_kvm,4096,1.2883914e-05
runsc_kvm,4096,1.3151069e-05
runsc_kvm,4096,1.2851174e-05
runsc_kvm,4096,1.1898408e-05
runsc_kvm,4096,1.2713665e-05
runsc_kvm,4096,1.244766e-05
runsc_kvm,4096,1.2294682e-05
runsc_kvm,4096,1.2524558e-05
runsc_kvm,4096,1.3381158e-05
runsc_kvm,4096,1.2437643e-05
runsc_kvm,4096,1.2134911e-05
runsc_kvm,4096,1.2402155e-05
runsc_kvm,4096,1.322622e-05
runsc_kvm,4096,1.229973e-05
runsc_kvm,4096,1.2546513e-05
runsc_kvm,4096,1.1360497e-05
runsc_kvm,4096,1.178985e-05
runsc_kvm,4096,1.2284775e-05
runsc_kvm,4096,1.2071405e-05
runsc_kvm,4096,1.2286612e-05
runsc_kvm,4096,1.1806193e-05
runsc_kvm,4096,1.2078534e-05
runsc_kvm,4096,1.3776617e-05
runsc_kvm,4096,1.4047126e-05
runsc_kvm,4096,1.2348074e-05
runsc_kvm,4096,1.2770111e-05
runsc_kvm,4096,1.2187488e-05
runsc_kvm,4096,1.2163318e-05
runsc_kvm,4096,1.222002e-05
runsc_kvm,4096,1.259793e-05
runsc_kvm,4096,1.2452229e-05
runsc_kvm,4096,1.2481738e-05
runsc_kvm,4096,1.1682327e-05
runsc_kvm,4096,1.3658586e-05
runsc_kvm,4096,1.2662872e-05
runsc_kvm,4096,1.1816745e-05
runsc_kvm,4096,1.2033785e-05
runsc_kvm,4096,1.2124021e-05
runsc_kvm,4096,1.3445734e-05
runsc_kvm,4096,1.2485003e-05
runsc_kvm,4096,1.217858e-05
runsc_kvm,4096,1.198862e-05
runsc_kvm,4096,1.2551873e-05
runsc_kvm,4096,1.3109492e-05
runsc_kvm,4096,1.1961173e-05
runsc_kvm,4096,1.2117196e-05
runsc_kvm,4096,1.361894e-05
runsc_kvm,4096,1.2361169e-05
runsc_kvm,4096,1.2444157e-05
runsc_kvm,4096,1.1936581e-05
runsc_kvm,4096,1.2102297e-05
runsc_kvm,4096,1.2433624e-05
runsc_kvm,4096,1.2307933e-05
runsc_kvm,4096,1.2008521e-05
runsc_kvm,4096,1.3216336e-05
runsc_kvm,4096,1.2220648e-05
runsc_kvm,4096,1.3480272e-05
runsc_kvm,4096,1.1913939e-05
runsc_kvm,4096,1.2644818e-05
runsc_kvm,4096,1.2983436e-05
runsc_kvm,4096,1.2330474e-05
runsc_kvm,4096,1.2356021e-05
runsc_kvm,4096,1.2278357e-05
runsc_kvm,4096,1.2077329e-05
runsc_kvm,4096,1.2016259e-05
runsc_kvm,4096,1.2033328e-05
runsc_kvm,4096,1.2374725e-05
runsc_kvm,4096,1.319529e-05
runsc_kvm,4096,1.2231144e-05
runsc_kvm,4096,1.2420482e-05
runsc_kvm,4096,1.1749682e-05
runsc_kvm,4096,1.1810939e-05
runsc_kvm,4096,1.2875464e-05
runsc_kvm,4096,1.1931548e-05
runsc_kvm,4096,1.2214986e-05
runsc_kvm,4096,1.2762462e-05
runsc_kvm,16384,1.5133906e-05
runsc_kvm,16384,1.470964e-05
runsc_kvm,16384,1.4856052e-05
runsc_kvm,16384,1.5206909e-05
runsc_kvm,16384,1.5069412e-05
runsc_kvm,16384,1.5647141e-05
runsc_kvm,16384,1.5644515e-05
runsc_kvm,16384,1.4736812e-05
runsc_kvm,16384,1.5982379e-05
runsc_kvm,16384,1.5584797e-05
runsc_kvm,16384,1.5638559e-05
runsc_kvm,16384,1.5517924e-05
runsc_kvm,16384,1.5198429e-05
runsc_kvm,16384,1.5240522e-05
runsc_kvm,16384,1.6699638e-05
runsc_kvm,16384,1.61148e-05
runsc_kvm,16384,1.5805403e-05
runsc_kvm,16384,1.6301841e-05
runsc_kvm,16384,1.5360802e-05
runsc_kvm,16384,1.4790888e-05
runsc_kvm,16384,1.543317e-05
runsc_kvm,16384,1.4594253e-05
runsc_kvm,16384,1.4909768e-05
runsc_kvm,16384,1.6358566e-05
runsc_kvm,16384,1.6645758e-05
runsc_kvm,16384,1.6135626e-05
runsc_kvm,16384,1.7672983e-05
runsc_kvm,16384,1.6171116e-05
runsc_kvm,16384,1.6775901e-05
runsc_kvm,16384,1.7945149e-05
runsc_kvm,16384,1.6572139e-05
runsc_kvm,16384,1.5251066e-05
runsc_kvm,16384,1.5432723e-05
runsc_kvm,16384,1.7135611e-05
runsc_kvm,16384,1.696356e-05
runsc_kvm,16384,1.6861241e-05
runsc_kvm,16384,1.8065432e-05
runsc_kvm,16384,1.6255588e-05
runsc_kvm,16384,1.5481819e-05
runsc_kvm,16384,1.4905313e-05
runsc_kvm,16384,1.5609237e-05
runsc_kvm,16384,1.5380381e-05
runsc_kvm,16384,1.5110292e-05
runsc_kvm,16384,1.9569236e-05
runsc_kvm,16384,1.7609436e-05
runsc_kvm,16384,1.5555062e-05
runsc_kvm,16384,1.5061853e-05
runsc_kvm,16384,1.5586475e-05
runsc_kvm,16384,1.8589997e-05
runsc_kvm,16384,1.7405337e-05
runsc_kvm,16384,1.6903907e-05
runsc_kvm,16384,1.4941442e-05
runsc_kvm,16384,1.5954118e-05
runsc_kvm,16384,1.9136336e-05
runsc_kvm,16384,1.5226584e-05
runsc_kvm,16384,1.5733125e-05
runsc_kvm,16384,1.5437588e-05
runsc_kvm,16384,1.7001074e-05
runsc_kvm,16384,1.4663805e-05
runsc_kvm,16384,1.6212658e-05
runsc_kvm,16384,1.5207414e-05
runsc_kvm,16384,1.5327627e-05
runsc_kvm,16384,1.6021851e-05
runsc_kvm,16384,1.5213809e-05
runsc_kvm,16384,1.5293781e-05
runsc_kvm,16384,1.7263128e-05
runsc_kvm,16384,1.5081575e-05
runsc_kvm,16384,1.7342429e-05
runsc_kvm,16384,1.5704851e-05
runsc_kvm,16384,1.4583875e-05
runsc_kvm,16384,1.4538308e-05
runsc_kvm,16384,1.6799255e-05
runsc_kvm,16384,1.8696826e-05
runsc_kvm,16384,1.5484409e-05
runsc_kvm,16384,1.700119e-05
runsc_kvm,16384,1.5814907e-05
runsc_kvm,16384,1.5540532e-05
runsc_kvm,16384,1.46998e-05
runsc_kvm,16384,1.5040286e-05
runsc_kvm,16384,1.6732625e-05
runsc_kvm,16384,1.7031651e-05
runsc_kvm,16384,1.536158e-05
runsc_kvm,16384,1.9365012e-05
runsc_kvm,16384,1.7409564e-05
runsc_kvm,16384,1.719453e-05
runsc_kvm,16384,1.5369618e-05
runsc_kvm,16384,1.4866569e-05
runsc_kvm,16384,1.546653e-05
runsc_kvm,16384,1.7810447e-05
runsc_kvm,16384,1.6869461e-05
runsc_kvm,16384,1.6214228e-05
runsc_kvm,16384,1.5767841e-05
runsc_kvm,16384,1.8087516e-05
runsc_kvm,16384,1.6362983e-05
runsc_kvm,16384,1.6554362e-05
runsc_kvm,16384,1.5917616e-05
runsc_kvm,16384,1.479527e-05
runsc_kvm,16384,1.5289366e-05
runsc_kvm,16384,1.5946474e-05
runsc_kvm,16384,1.4605973e-05
runsc_kvm,65536,2.6402588e-05
runsc_kvm,65536,2.6317548e-05
runsc_kvm,65536,2.4483168e-05
runsc_kvm,65536,2.5850861e-05
runsc_kvm,65536,2.515569e-05
runsc_kvm,65536,2.5948537e-05
runsc_kvm,65536,2.6221611e-05
runsc_kvm,65536,2.4386631e-05
runsc_kvm,65536,2.4577492e-05
runsc_kvm,65536,2.6018561e-05
runsc_kvm,65536,2.5129315e-05
runsc_kvm,65536,2.4170986e-05
runsc_kvm,65536,2.4902423e-05
runsc_kvm,65536,2.4683193e-05
runsc_kvm,65536,2.4688637e-05
runsc_kvm,65536,2.4750094e-05
runsc_kvm,65536,2.5807038e-05
runsc_kvm,65536,2.4554725e-05
runsc_kvm,65536,2.4363246e-05
runsc_kvm,65536,2.6179161e-05
runsc_kvm,65536,2.4386887e-05
runsc_kvm,65536,2.4827781e-05
runsc_kvm,65536,2.4403576e-05
runsc_kvm,65536,2.4690542e-05
runsc_kvm,65536,2.4702389e-05
runsc_kvm,65536,2.4730536e-05
runsc_kvm,65536,2.5294985e-05
runsc_kvm,65536,2.4220786e-05
runsc_kvm,65536,2.5324922e-05
runsc_kvm,65536,2.4271227e-05
runsc_kvm,65536,2.4519393e-05
runsc_kvm,65536,2.4355029e-05
runsc_kvm,65536,2.4451721e-05
runsc_kvm,65536,2.4392251e-05
runsc_kvm,65536,2.4560522e-05
runsc_kvm,65536,2.4609251e-05
runsc_kvm,65536,2.4911962e-05
runsc_kvm,65536,2.4968578e-05
runsc_kvm,65536,2.392498e-05
runsc_kvm,65536,2.5098987e-05
runsc_kvm,65536,2.4394863e-05
runsc_kvm,65536,2.4645917e-05
runsc_kvm,65536,2.4782206e-05
runsc_kvm,65536,2.4890704e-05
runsc_kvm,65536,2.5524996e-05
runsc_kvm,65536,2.5120928e-05
runsc_kvm,65536,2.4633086e-05
runsc_kvm,65536,2.4887238e-05
runsc_kvm,65536,2.4439012e-05
runsc_kvm,65536,2.5421905e-05
runsc_kvm,65536,2.440587e-05
runsc_kvm,65536,2.4084489e-05
runsc_kvm,65536,2.4273448e-05
runsc_kvm,65536,2.3859082e-05
runsc_kvm,65536,2.4434195e-05
runsc_kvm,65536,2.4257679e-05
runsc_kvm,65536,2.4760906e-05
runsc_kvm,65536,2.477942e-05
runsc_kvm,65536,2.4918299e-05
runsc_kvm,65536,2.4978423e-05
runsc_kvm,65536,2.4741696e-05
runsc_kvm,65536,2.5045671e-05
runsc_kvm,65536,2.4106736e-05
runsc_kvm,65536,2.5060883e-05
runsc_kvm,65536,2.4950699e-05
runsc_kvm,65536,2.3754099e-05
runsc_kvm,65536,2.4470894e-05
runsc_kvm,65536,2.5568814e-05
runsc_kvm,65536,2.3408222e-05
runsc_kvm,65536,2.3819097e-05
runsc_kvm,65536,2.4410059e-05
runsc_kvm,65536,2.4334164e-05
runsc_kvm,65536,2.5266681e-05
runsc_kvm,65536,2.4760337e-05
runsc_kvm,65536,2.4393705e-05
runsc_kvm,65536,2.492259e-05
runsc_kvm,65536,2.4984334e-05
runsc_kvm,65536,2.4422405e-05
runsc_kvm,65536,2.5750938e-05
runsc_kvm,65536,2.5060705e-05
runsc_kvm,65536,2.667417e-05
runsc_kvm,65536,2.6149828e-05
runsc_kvm,65536,2.4588175e-05
runsc_kvm,65536,2.6219284e-05
runsc_kvm,65536,2.5153846e-05
runsc_kvm,65536,2.7690716e-05
runsc_kvm,65536,2.5536299e-05
runsc_kvm,65536,2.923459e-05
runsc_kvm,65536,2.766057e-05
runsc_kvm,65536,2.6355465e-05
runsc_kvm,65536,2.6823065e-05
runsc_kvm,65536,2.8792916e-05
runsc_kvm,65536,2.4143954e-05
runsc_kvm,65536,2.539639e-05
runsc_kvm,65536,2.5493204e-05
runsc_kvm,65536,2.4534678e-05
runsc_kvm,65536,2.7091222e-05
runsc_kvm,65536,2.5247107e-05
runsc_kvm,65536,2.6130452e-05
runsc_kvm,65536,2.7290942e-05
runsc_kvm,262144,6.5801993e-05
runsc_kvm,262144,6.3728534e-05
runsc_kvm,262144,6.4475273e-05
runsc_kvm,262144,6.6717439e-05
runsc_kvm,262144,6.5570319e-05
runsc_kvm,262144,6.5909226e-05
runsc_kvm,262144,6.9704613e-05
runsc_kvm,262144,6.1359613e-05
runsc_kvm,262144,6.251486e-05
runsc_kvm,262144,6.6666587e-05
runsc_kvm,262144,6.3022773e-05
runsc_kvm,262144,6.2031046e-05
runsc_kvm,262144,6.1590246e-05
runsc_kvm,262144,6.1456201e-05
runsc_kvm,262144,6.3072614e-05
runsc_kvm,262144,6.29653e-05
runsc_kvm,262144,6.6755027e-05
runsc_kvm,262144,6.1506769e-05
runsc_kvm,262144,6.3302228e-05
runsc_kvm,262144,6.4181339e-05
runsc_kvm,262144,6.4255793e-05
runsc_kvm,262144,6.3226122e-05
runsc_kvm,262144,6.551051e-05
runsc_kvm,262144,6.2532876e-05
runsc_kvm,262144,6.5410335e-05
runsc_kvm,262144,6.3075975e-05
runsc_kvm,262144,6.4756357e-05
runsc_kvm,262144,6.2998311e-05
runsc_kvm,262144,6.3325453e-05
runsc_kvm,262144,6.4821645e-05
runsc_kvm,262144,6.3337102e-05
runsc_kvm,262144,6.344654e-05
runsc_kvm,262144,6.6878092e-05
runsc_kvm,262144,6.4121312e-05
runsc_kvm,262144,6.2372696e-05
runsc_kvm,262144,6.4518434e-05
runsc_kvm,262144,6.3824889e-05
runsc_kvm,262144,6.384102e-05
runsc_kvm,262144,6.3222295e-05
runsc_kvm,262144,6.1992563e-05
runsc_kvm,262144,6.1892926e-05
runsc_kvm,262144,6.1807645e-05
runsc_kvm,262144,6.0895669e-05
runsc_kvm,262144,6.6767709e-05
runsc_kvm,262144,6.5788605e-05
runsc_kvm,262144,6.2186868e-05
runsc_kvm,262144,6.1496961e-05
runsc_kvm,262144,6.2511412e-05
runsc_kvm,262144,6.1396124e-05
runsc_kvm,262144,6.1443141e-05
runsc_kvm,262144,6.0825292e-05
runsc_kvm,262144,5.984676e-05
runsc_kvm,262144,5.9548245e-05
runsc_kvm,262144,6.1028069e-05
runsc_kvm,262144,6.0507828e-05
runsc_kvm,262144,6.1806248e-05
runsc_kvm,262144,6.0741906e-05
runsc_kvm,262144,6.1128907e-05
runsc_kvm,262144,6.1553277e-05
runsc_kvm,262144,6.1113642e-05
runsc_kvm,262144,6.0983089e-05
runsc_kvm,262144,6.1131352e-05
runsc_kvm,262144,6.1493833e-05
runsc_kvm,262144,6.171297e-05
runsc_kvm,262144,5.9936046e-05
runsc_kvm,262144,6.0544553e-05
runsc_kvm,262144,6.1069419e-05
runsc_kvm,262144,6.1267441e-05
runsc_kvm,262144,6.1243401e-05
runsc_kvm,262144,6.0662238e-05
runsc_kvm,262144,6.1301107e-05
runsc_kvm,262144,6.0368777e-05
runsc_kvm,262144,6.2528408e-05
runsc_kvm,262144,6.0880502e-05
runsc_kvm,262144,6.0642156e-05
runsc_kvm,262144,6.1363382e-05
runsc_kvm,262144,6.1350678e-05
runsc_kvm,262144,6.1590654e-05
runsc_kvm,262144,6.1506144e-05
runsc_kvm,262144,6.1304265e-05
runsc_kvm,262144,6.4395412e-05
runsc_kvm,262144,6.3380234e-05
runsc_kvm,262144,6.145973e-05
runsc_kvm,262144,6.6106513e-05
runsc_kvm,262144,6.3134343e-05
runsc_kvm,262144,6.3251267e-05
runsc_kvm,262144,6.1227896e-05
runsc_kvm,262144,6.1269064e-05
runsc_kvm,262144,6.2713581e-05
runsc_kvm,262144,6.1897474e-05
runsc_kvm,262144,6.072125e-05
runsc_kvm,262144,6.0596725e-05
runsc_kvm,262144,6.0312115e-05
runsc_kvm,262144,6.1685103e-05
runsc_kvm,262144,6.2265659e-05
runsc_kvm,262144,6.508363e-05
runsc_kvm,262144,6.7594323e-05
runsc_kvm,262144,6.5811393e-05
runsc_kvm,262144,6.5360276e-05
runsc_kvm,262144,7.5200398e-05
runsc_kvm,1048576,0.00022012819
runsc_kvm,1048576,0.000213051331
runsc_kvm,1048576,0.000218271613
runsc_kvm,1048576,0.000224303934
runsc_kvm,1048576,0.000212068975
runsc_kvm,1048576,0.000216164422
runsc_kvm,1048576,0.000221817201
runsc_kvm,1048576,0.000223855954
runsc_kvm,1048576,0.000213914769
runsc_kvm,1048576,0.000218473986
runsc_kvm,1048576,0.0002094105
runsc_kvm,1048576,0.0002075394
runsc_kvm,1048576,0.000207582212
runsc_kvm,1048576,0.000205949065
runsc_kvm,1048576,0.000206222539
runsc_kvm,1048576,0.000208263431
runsc_kvm,1048576,0.000218296351
runsc_kvm,1048576,0.000212159488
runsc_kvm,1048576,0.00022323677
runsc_kvm,1048576,0.000226565273
runsc_kvm,1048576,0.000220810063
runsc_kvm,1048576,0.000220855669
runsc_kvm,1048576,0.000218731671
runsc_kvm,1048576,0.000228606848
runsc_kvm,1048576,0.000249146717
runsc_kvm,1048576,0.000312113902
runsc_kvm,1048576,0.000325544825
runsc_kvm,1048576,0.000310721807
runsc_kvm,1048576,0.000282216963
runsc_kvm,1048576,0.000291848439
runsc_kvm,1048576,0.000300384621
runsc_kvm,1048576,0.000288185547
runsc_kvm,1048576,0.000280585838
runsc_kvm,1048576,0.000294407393
runsc_kvm,1048576,0.000323000946
runsc_kvm,1048576,0.000305724039
runsc_kvm,1048576,0.000299780251
runsc_kvm,1048576,0.00030152293
runsc_kvm,1048576,0.000311793294
runsc_kvm,1048576,0.000302971894
runsc_kvm,1048576,0.000280074717
runsc_kvm,1048576,0.000278192776
runsc_kvm,1048576,0.000287669303
runsc_kvm,1048576,0.000278945168
runsc_kvm,1048576,0.000284375536
runsc_kvm,1048576,0.000283153146
runsc_kvm,1048576,0.000305063353
runsc_kvm,1048576,0.000325691362
runsc_kvm,1048576,0.000287961564
runsc_kvm,1048576,0.000280750799
runsc_kvm,1048576,0.000325167086
runsc_kvm,1048576,0.00031796188
runsc_kvm,1048576,0.000305365305
runsc_kvm,1048576,0.000309310271
runsc_kvm,1048576,0.000315998012
runsc_kvm,1048576,0.000326349109
runsc_kvm,1048576,0.000324119144
runsc_kvm,1048576,0.000312466524
runsc_kvm,1048576,0.000315914454
runsc_kvm,1048576,0.000312805962
runsc_kvm,1048576,0.000317221391
runsc_kvm,1048576,0.00032246919
runsc_kvm,1048576,0.000309354189
runsc_kvm,1048576,0.000314266596
runsc_kvm,1048576,0.000293883932
runsc_kvm,1048576,0.000318865059
runsc_kvm,1048576,0.000314543518
runsc_kvm,1048576,0.000316049467
runsc_kvm,1048576,0.000311810349
runsc_kvm,1048576,0.000319621031
runsc_kvm,1048576,0.000310190837
runsc_kvm,1048576,0.000280305743
runsc_kvm,1048576,0.000302894186
runsc_kvm,1048576,0.000325829693
runsc_kvm,1048576,0.000291796488
runsc_kvm,1048576,0.000293085206
runsc_kvm,1048576,0.000331749383
runsc_kvm,1048576,0.000330228359
runsc_kvm,1048576,0.000327817339
runsc_kvm,1048576,0.000323239015
runsc_kvm,1048576,0.000316928112
runsc_kvm,1048576,0.000325491739
runsc_kvm,1048576,0.000326006499
runsc_kvm,1048576,0.000330477487
runsc_kvm,1048576,0.000323102955
runsc_kvm,1048576,0.000327982416
runsc_kvm,1048576,0.000319345563
runsc_kvm,1048576,0.000318988517
runsc_kvm,1048576,0.000326353766
runsc_kvm,1048576,0.000314004661
runsc_kvm,1048576,0.000319808198
runsc_kvm,1048576,0.000313261728
runsc_kvm,1048576,0.000315277022
runsc_kvm,1048576,0.000319165207
runsc_kvm,1048576,0.000316911464
runsc_kvm,1048576,0.000313275174
runsc_kvm,1048576,0.000316612597
runsc_kvm,1048576,0.000315100682
runsc_kvm,1048576,0.000319726911
runsc_kvm,1048576,0.000323363143
kata,4096,1.8176057e-05
kata,4096,1.8489909e-05
kata,4096,1.8652689e-05
kata,4096,1.8462988e-05
kata,4096,1.8550527e-05
kata,4096,1.8328174e-05
kata,4096,1.8539577e-05
kata,4096,1.8698298e-05
kata,4096,1.8729128e-05
kata,4096,1.8597262e-05
kata,4096,1.8428524e-05
kata,4096,1.8692077e-05
kata,4096,1.8868868e-05
kata,4096,1.8768982e-05
kata,4096,1.8675162e-05
kata,4096,1.8347366e-05
kata,4096,1.8340197e-05
kata,4096,1.8812978e-05
kata,4096,1.8658429e-05
kata,4096,1.850767e-05
kata,4096,1.8407278e-05
kata,4096,1.8703111e-05
kata,4096,2.0679568e-05
kata,4096,1.9975894e-05
kata,4096,1.989108e-05
kata,4096,1.9799152e-05
kata,4096,1.9929357e-05
kata,4096,1.978928e-05
kata,4096,1.9772522e-05
kata,4096,1.9967647e-05
kata,4096,2.0298312e-05
kata,4096,2.173452e-05
kata,4096,2.0518823e-05
kata,4096,1.9672054e-05
kata,4096,1.9392846e-05
kata,4096,2.1001029e-05
kata,4096,1.961777e-05
kata,4096,1.8272351e-05
kata,4096,1.9683543e-05
kata,4096,1.8265302e-05
kata,4096,1.8540781e-05
kata,4096,1.9473133e-05
kata,4096,1.9610188e-05
kata,4096,1.984655e-05
kata,4096,1.8627763e-05
kata,4096,1.8498675e-05
kata,4096,1.8665571e-05
kata,4096,1.8386685e-05
kata,4096,1.8980119e-05
kata,4096,1.8977633e-05
kata,4096,1.8249653e-05
kata,4096,1.9170098e-05
kata,4096,1.8134413e-05
kata,4096,1.8363313e-05
kata,4096,1.8525267e-05
kata,4096,1.8211163e-05
kata,4096,1.8183227e-05
kata,4096,1.8605606e-05
kata,4096,1.8370225e-05
kata,4096,1.8891142e-05
kata,4096,1.868344e-05
kata,4096,1.8341609e-05
kata,4096,1.8514675e-05
kata,4096,1.8336337e-05
kata,4096,1.8528732e-05
kata,4096,1.8238463e-05
kata,4096,1.8201825e-05
kata,4096,1.8604012e-05
kata,4096,1.8396071e-05
kata,4096,1.8113411e-05
kata,4096,1.8196006e-05
kata,4096,1.8078659e-05
kata,4096,1.8476776e-05
kata,4096,1.8435179e-05
kata,4096,1.8555482e-05
kata,4096,1.8569204e-05
kata,4096,1.824947e-05
kata,4096,1.8208526e-05
kata,4096,1.843666e-05
kata,4096,1.8323297e-05
kata,4096,1.8603077e-05
kata,4096,1.8627034e-05
kata,4096,1.84904e-05
kata,4096,1.8311341e-05
kata,4096,1.8587787e-05
kata,4096,1.8447556e-05
kata,4096,1.8724297e-05
kata,4096,1.8654606e-05
kata,4096,1.8338298e-05
kata,4096,1.8169834e-05
kata,4096,1.8398761e-05
kata,4096,1.8087056e-05
kata,4096,1.8584935e-05
kata,4096,1.8163395e-05
kata,4096,1.832918e-05
kata,4096,1.8701265e-05
kata,4096,1.8273826e-05
kata,4096,1.8412136e-05
kata,4096,1.8458824e-05
kata,4096,1.8378551e-05
kata,16384,7.2670671e-05
kata,16384,7.1838462e-05
kata,16384,7.295765e-05
kata,16384,7.4006821e-05
kata,16384,7.3610521e-05
kata,16384,7.2380462e-05
kata,16384,7.3531592e-05
kata,16384,7.3396426e-05
kata,16384,7.2453236e-05
kata,16384,7.4747171e-05
kata,16384,7.2882627e-05
kata,16384,7.7784978e-05
kata,16384,7.3522395e-05
kata,16384,7.2378534e-05
kata,16384,7.3254727e-05
kata,16384,7.248477e-05
kata,16384,7.3475356e-05
kata,16384,8.3517589e-05
kata,16384,8.4319639e-05
kata,16384,8.045735e-05
kata,16384,8.1785001e-05
kata,16384,8.2738778e-05
kata,16384,8.2359737e-05
kata,16384,8.0116741e-05
kata,16384,8.0114005e-05
kata,16384,7.9779085e-05
kata,16384,8.0753576e-05
kata,16384,7.9591759e-05
kata,16384,7.8936304e-05
kata,16384,7.9543723e-05
kata,16384,7.9581398e-05
kata,16384,8.1407081e-05
kata,16384,8.058532e-05
kata,16384,7.9606973e-05
kata,16384,8.0180274e-05
kata,16384,7.8595149e-05
kata,16384,7.9714097e-05
kata,16384,7.9171397e-05
kata,16384,7.9317128e-05
kata,16384,8.0454942e-05
kata,16384,7.9304074e-05
kata,16384,8.0144186e-05
kata,16384,8.0416634e-05
kata,16384,7.8853132e-05
kata,16384,7.9553072e-05
kata,16384,7.9955244e-05
kata,16384,7.9949787e-05
kata,16384,7.9259327e-05
kata,16384,8.0437887e-05
kata,16384,8.0318772e-05
kata,16384,8.052303e-05
kata,16384,7.9741316e-05
kata,16384,8.0452242e-05
kata,16384,7.9337085e-05
kata,16384,7.9085839e-05
kata,16384,7.9692487e-05
kata,16384,8.0467413e-05
kata,16384,7.8179452e-05
kata,16384,8.4180967e-05
kata,16384,8.4438907e-05
kata,16384,8.0713246e-05
kata,16384,7.9367768e-05
kata,16384,7.9951984e-05
kata,16384,7.9412755e-05
kata,16384,8.027703e-05
kata,16384,7.9023259e-05
kata,16384,8.0166094e-05
kata,16384,7.9481353e-05
kata,16384,7.9011101e-05
kata,16384,7.9343765e-05
kata,16384,8.0045626e-05
kata,16384,7.975856e-05
kata,16384,8.0108119e-05
kata,16384,7.8681289e-05
kata,16384,7.8996454e-05
kata,16384,7.8800338e-05
kata,16384,8.0596794e-05
kata,16384,7.9006888e-05
kata,16384,7.9257828e-05
kata,16384,7.8502533e-05
kata,16384,7.9219077e-05
kata,16384,7.9650134e-05
kata,16384,8.012318e-05
kata,16384,7.9402686e-05
kata,16384,7.9480087e-05
kata,16384,7.9023979e-05
kata,16384,7.8896133e-05
kata,16384,7.896046e-05
kata,16384,7.9647063e-05
kata,16384,7.9740938e-05
kata,16384,7.9518875e-05
kata,16384,8.0272781e-05
kata,16384,8.1343023e-05
kata,16384,8.0194666e-05
kata,16384,7.943633e-05
kata,16384,7.9075726e-05
kata,16384,7.9629892e-05
kata,16384,7.9712401e-05
kata,16384,7.9966754e-05
kata,16384,7.9317477e-05
kata,65536,0.000312919205
kata,65536,0.000317130151
kata,65536,0.000315664744
kata,65536,0.000314984965
kata,65536,0.000319417071
kata,65536,0.000315252604
kata,65536,0.000316266145
kata,65536,0.000316726102
kata,65536,0.000292861194
kata,65536,0.000292047975
kata,65536,0.000293105084
kata,65536,0.000292811397
kata,65536,0.000291470293
kata,65536,0.000293528836
kata,65536,0.00029141194
kata,65536,0.000291601871
kata,65536,0.000291786506
kata,65536,0.000293273682
kata,65536,0.000294148165
kata,65536,0.000293337594
kata,65536,0.000292895071
kata,65536,0.000289551856
kata,65536,0.000290448137
kata,65536,0.000293358375
kata,65536,0.000294506084
kata,65536,0.000291807461
kata,65536,0.000291949196
kata,65536,0.000294537283
kata,65536,0.000294322235
kata,65536,0.000292603771
kata,65536,0.000297059771
kata,65536,0.000290634955
kata,65536,0.000293141347
kata,65536,0.000291796139
kata,65536,0.000294196361
kata,65536,0.000293113204
kata,65536,0.000294820551
kata,65536,0.000291024946
kata,65536,0.000293371151
kata,65536,0.000292059907
kata,65536,0.000291399279
kata,65536,0.000294826168
kata,65536,0.000292761892
kata,65536,0.000292627752
kata,65536,0.000290061871
kata,65536,0.00029241282
kata,65536,0.000296921819
kata,65536,0.000294463796
kata,65536,0.000293358142
kata,65536,0.000292341632
kata,65536,0.000293095218
kata,65536,0.000295124395
kata,65536,0.000290979631
kata,65536,0.000292181969
kata,65536,0.000296208367
kata,65536,0.000294694939
kata,65536,0.000293383113
kata,65536,0.000293686986
kata,65536,0.000296938408
kata,65536,0.000296351995
kata,65536,0.000292710814
kata,65536,0.000294236845
kata,65536,0.000291472476
kata,65536,0.00029369496
kata,65536,0.000292088662
kata,65536,0.00029346376
kata,65536,0.000292831712
kata,65536,0.00029486054
kata,65536,0.000294582947
kata,65536,0.000292896118
kata,65536,0.000291711418
kata,65536,0.000294290308
kata,65536,0.000292885554
kata,65536,0.000292720564
kata,65536,0.000295158738
kata,65536,0.000291320786
kata,65536,0.00029403434
kata,65536,0.000293457706
kata,65536,0.000294180441
kata,65536,0.000293432531
kata,65536,0.000294856291
kata,65536,0.000311509386
kata,65536,0.00031576716
kata,65536,0.000316789752
kata,65536,0.000321507658
kata,65536,0.000317960512
kata,65536,0.000317873986
kata,65536,0.000319888466
kata,65536,0.000318989303
kata,65536,0.000318132719
kata,65536,0.000316675287
kata,65536,0.000315208861
kata,65536,0.00033163192
kata,65536,0.000316951453
kata,65536,0.000317294151
kata,65536,0.00031423883
kata,65536,0.000317498634
kata,65536,0.000314230158
kata,65536,0.000315542507
kata,65536,0.000315888261
kata,262144,0.00122699514
kata,262144,0.001228632755
kata,262144,0.00123469485
kata,262144,0.001238885685
kata,262144,0.001237504533
kata,262144,0.001233580755
kata,262144,0.001240576152
kata,262144,0.001227983739
kata,262144,0.001256301301
kata,262144,0.001258620294
kata,262144,0.001322954311
kata,262144,0.001253400347
kata,262144,0.001259529148
kata,262144,0.00124048756
kata,262144,0.001191605348
kata,262144,0.001220174599
kata,262144,0.001171357231
kata,262144,0.001145642251
kata,262144,0.001170800533
kata,262144,0.001177449594
kata,262144,0.001161095104
kata,262144,0.001153970603
kata,262144,0.001139013562
kata,262144,0.001130369143
kata,262144,0.001121801324
kata,262144,0.001124629402
kata,262144,0.001124351984
kata,262144,0.001118904795
kata,262144,0.001132364152
kata,262144,0.001117126434
kata,262144,0.001137959538
kata,262144,0.001128962613
kata,262144,0.001127272495
kata,262144,0.00113173353
kata,262144,0.001124828239
kata,262144,0.001124121831
kata,262144,0.00113499118
kata,262144,0.001133858575
kata,262144,0.001125555718
kata,262144,0.001119501074
kata,262144,0.001116288477
kata,262144,0.001120115863
kata,262144,0.001131814206
kata,262144,0.001136315987
kata,262144,0.001120534027
kata,262144,0.001136596431
kata,262144,0.001138016349
kata,262144,0.00112829823
kata,262144,0.001123177819
kata,262144,0.001134139136
kata,262144,0.001119977213
kata,262144,0.001119748573
kata,262144,0.00112915854
kata,262144,0.001120535773
kata,262144,0.001124750124
kata,262144,0.001125186798
kata,262144,0.001124978298
kata,262144,0.001139081316
kata,262144,0.001129401848
kata,262144,0.001130334451
kata,262144,0.00112155627
kata,262144,0.00112702779
kata,262144,0.001126358635
kata,262144,0.001130886492
kata,262144,0.001113937236
kata,262144,0.001138294698
kata,262144,0.001129057724
kata,262144,0.001128533622
kata,262144,0.001130028628
kata,262144,0.001132295001
kata,262144,0.001138117979
kata,262144,0.001128565753
kata,262144,0.001121272566
kata,262144,0.001124239294
kata,262144,0.001128647709
kata,262144,0.00112463627
kata,262144,0.001131089521
kata,262144,0.001124199713
kata,262144,0.001119435881
kata,262144,0.001127914293
kata,262144,0.001126457937
kata,262144,0.001130488003
kata,262144,0.001114824088
kata,262144,0.001130646211
kata,262144,0.001121545676
kata,262144,0.001116182306
kata,262144,0.00111863378
kata,262144,0.001132143545
kata,262144,0.001133247046
kata,262144,0.001126213581
kata,262144,0.001119795139
kata,262144,0.001128874253
kata,262144,0.001125415904
kata,262144,0.001129062381
kata,262144,0.001135403872
kata,262144,0.001140440814
kata,262144,0.001132954145
kata,262144,0.001111357356
kata,262144,0.001116208266
kata,262144,0.001128417556
kata,1048576,0.004424398765
kata,1048576,0.004461748526
kata,1048576,0.004405504093
kata,1048576,0.00441654725
kata,1048576,0.004489201587
kata,1048576,0.004494564608
kata,1048576,0.004482324701
kata,1048576,0.004454624839
kata,1048576,0.004478689749
kata,1048576,0.004465136211
kata,1048576,0.004480151925
kata,1048576,0.00444391463
kata,1048576,0.004435084295
kata,1048576,0.004483035766
kata,1048576,0.004461010918
kata,1048576,0.004430107772
kata,1048576,0.004433763213
kata,1048576,0.004490316845
kata,1048576,0.004398240708
kata,1048576,0.004455486313
kata,1048576,0.004432842601
kata,1048576,0.004492879845
kata,1048576,0.004479771014
kata,1048576,0.00446297368
kata,1048576,0.004453237168
kata,1048576,0.004470283631
kata,1048576,0.004491447005
kata,1048576,0.004474285524
kata,1048576,0.004466447048
kata,1048576,0.004374179523
kata,1048576,0.004168576561
kata,1048576,0.004464813042
kata,1048576,0.004410613794
kata,1048576,0.004467403051
kata,1048576,0.004465566482
kata,1048576,0.004444597289
kata,1048576,0.00448329933
kata,1048576,0.00446901843
kata,1048576,0.004438236821
kata,1048576,0.004402861465
kata,1048576,0.004495766014
kata,1048576,0.004491968546
kata,1048576,0.00450044265
kata,1048576,0.0045090192
kata,1048576,0.00445735734
kata,1048576,0.004476074129
kata,1048576,0.004457281437
kata,1048576,0.004467440769
kata,1048576,0.004461634904
kata,1048576,0.004471169319
kata,1048576,0.004484881181
kata,1048576,0.004486400634
kata,1048576,0.004469044972
kata,1048576,0.004464613739
kata,1048576,0.004452936351
kata,1048576,0.004467258696
kata,1048576,0.004472911824
kata,1048576,0.004493275192
kata,1048576,0.004513517953
kata,1048576,0.004474788904
kata,1048576,0.004510866944
kata,1048576,0.004508002661
kata,1048576,0.004546739627
kata,1048576,0.004715414718
kata,1048576,0.004872365855
kata,1048576,0.004810890649
kata,1048576,0.004769114312
kata,1048576,0.004894024692
kata,1048576,0.004659794737
kata,1048576,0.004618305713
kata,1048576,0.004709059838
kata,1048576,0.004919807427
kata,1048576,0.004897220992
kata,1048576,0.004945205525
kata,1048576,0.004951943178
kata,1048576,0.004927640315
kata,1048576,0.004976670258
kata,1048576,0.004993228242
kata,1048576,0.004953460768
kata,1048576,0.004683315754
kata,1048576,0.004567167722
kata,1048576,0.004586825147
kata,1048576,0.004608867224
kata,1048576,0.004608602729
kata,1048576,0.004757823888
kata,1048576,0.004999908619
kata,1048576,0.004973469302
kata,1048576,0.004893656354
kata,1048576,0.00472904928
kata,1048576,0.004612432327
kata,1048576,0.004514770117
kata,1048576,0.004611741751
kata,1048576,0.004626490641
kata,1048576,0.004636975471
kata,1048576,0.004669357091
kata,1048576,0.004579029977
kata,1048576,0.004689803347
kata,1048576,0.004622545559
kata,1048576,0.004570828751
kata,1048576,0.004542979877